type,term_id,name,slug,parent
category,145,3D Printing,3d-printing,
category,2198,4X,4x,
category,1619,Action RPG,action-rpg,
category,1656,Adventure,adventure,
category,162,adventures in monopoly,adventures-in-monopoly,
category,161,AIM,aim,
category,154,aim,aim,
category,1657,Android,android,
category,416,Asides,asides,
category,2133,Atari,atari,
category,276,Atari 2600,atari-2600-old,
category,1837,Batman,batman,
category,137,Blaugust,blaugust,
category,1647,Blaugust 2022,blaugust-2022,blaugust
category,1947,Blaugust 2023,blaugust-2023,blaugust
category,2202,Blaugust 2024,blaugust-2024,blaugust
category,2396,Blaugust 2025,blaugust-2025,blaugust
category,277,blockchain,blockchain,
category,1531,Blockchain,blockchain,
category,1537,Browser Game,browser-game,
category,1484,Car Wars,car-wars,
category,271,Card Games,card-games,
category,359,city of heroes,city-of-heroes,
category,152,Comic,comic,
category,153,comic,comic,
category,163,comics,comics,
category,417,cronous,cronous,
category,723,cronous,cronous,
category,267,CRPG,crpg,
category,1536,Crypto Game,crypto-game,blockchain
category,1539,CryptoKitties,cryptokitties,browser-game
category,225,darkfall,darkfall,
category,1836,DC Comics,dc-comics,
category,344,dc universe online,dc-universe-online,
category,1932,Diablo,diablo,
category,767,Doctor Who,doctor-who,
category,265,DOS games,dos-games,
category,1538,Dragonereum,dragonereum,browser-game
category,788,Dungeon Siege,ds,
category,2019,Dungeons &amp; Dragons,dungeons-dragons,
category,151,Duolingo,duolingo,
category,1608,Elden Ring,elden-ring,
category,148,Emulators,emulators,
category,343,eve online,eve-online,
category,38,everquest,everquest,
category,39,everquest 2,everquest-2,
category,418,Facebook Games,facebook-games,
category,375,ff3,ff3,
category,377,ffxiv,ffxiv,
category,2300,Fiction,fiction,
category,350,Final Fantasy,final-fantasy,
category,52,final fantasy,final-fantasy,
category,1503,Final Fantasy Origins,final-fantasy-origins,final-fantasy
category,360,final fantasy xi,final-fantasy-xi,
category,2257,Final Fantasy XII,final-fantasy-xii,final-fantasy
category,170,final fantasy xiv,final-fantasy-xiv,
category,395,flamecraft,flamecraft,
category,854,florensia,florensia,
category,419,Fortune League,fortune-league-facebook-games,facebook-games
category,353,free realms,free-realms,
category,420,Frontierville,frontierville,facebook-games
category,1855,Game Development,game-development,
category,143,Game Night,game-night,
category,90,game night,game-night,
category,421,General,general,
category,2168,Generative AI,generative-ai,
category,91,gloomhaven,gloomhaven,
category,72,godville,godville,
category,179,greedfall,greedfall,
category,913,Guild Wars,guild-wars,
category,1609,Horizon Forbidden West,horizon-forbidden-west,
category,422,Humor,humor,general
category,957,Humor,humor,
category,2174,Intellivision,intellivision,
category,308,kickstarter,kickstarter,
category,423,Kickstarter,kickstarter,
category,424,League of Cruelty,league-of-cruelty,humor
category,1019,Legends of Zork,legends-of-zork,
category,1024,LittleBigPlanet,littlebigplanet,
category,1479,Lord of the Chords,lord-of-the-chords,
category,357,lord of the rings online,lord-of-the-rings-online,
category,49,love,love,
category,2061,Metric Time,metric-time,general
category,2169,Midjourney,midjourney,generative-ai
category,243,minecraft,minecraft,
category,80,miniatures,miniatures,
category,147,Miniatures,miniatures,
category,138,MMO,mmo,
category,48,mmo,mmo,
category,425,MMOs,mmos,
category,144,Mobile Games,mobile-games,
category,2353,Monster Hunter,monster-hunter,mmos
category,2055,Monsters &amp; Memories,monsters-memories,mmos
category,1923,Movies,movies,general
category,426,My Empire,my-empire,facebook-games
category,1493,my little scythe,my-little-scythe,
category,427,My Work,it-stuff,general
category,1482,Mystery Dice,mystery-dice,
category,1085,Mythos,mythos,
category,428,Mythos,mythos,mmos
category,429,Nationstates,nationstates,mmos
category,430,Need For Speed World,need-for-speed-world,mmos
category,431,Neo Steam,neo-steam,mmos
category,172,neopets,neopets,
category,432,Neverwinter,neverwinter,mmos
category,338,new world,new-world,
category,1499,New World,new-world,mmos
category,1532,NFT,nft,blockchain
category,1635,Nintendo 64,nintendo-64,
category,140,Nintendo Switch,switch,
category,1769,No Man's Sky,no-mans-sky,mmos
category,75,nostalgia the guild,nostalgia-the-guild,
category,1506,Old School Runescape,old-school-runescape,mmos
category,433,One Panel Comix,one-panel-comix,humor
category,284,Open World RPG,open-world-rpg,
category,1777,OpenAI,openai,
category,434,Other Games,other-games,
category,1955,Palia,palia,mmos
category,2111,Palworld,palworld,open-world-rpg
category,2063,Pantheon: Rise of the Fallen,pantheon-rise-of-the-fallen,mmos
category,1768,Path of Exile,path-of-exile,mmos
category,1550,Pawnbarian,pawnbarian,other-games
category,1828,Petalica Paint,petalica-paint,
category,435,Pi Story,pi-story-mmos,mmos
category,436,Pillars of Eternity,pillars-of-eternity,other-games
category,437,Pirate101,pirate101,mmos
category,438,Pirates of the Burning Sea,potbs,mmos
category,1910,Pokemon,pokemon,
category,439,Project Powder,project-powder-other-games,other-games
category,1942,Project: Gorgon,project-gorgon,mmos
category,1552,PS2,ps2,
category,1944,PS3,ps3,
category,56,ps4,ps4,
category,139,PS4,ps4,
category,283,PS5,ps5,
category,288,ps5,ps5,
category,440,Puyo Puyo,puyo-puyo,other-games
category,326,Puzzle Games,puzzle-games,
category,321,Quick Takes,quick-takes,
category,379,real life,real-life,
category,141,Real Life,real-life,
category,257,Real Time Strategy,real-time-strategy,
category,441,Realm of the Mad God,realm-of-the-mad-god,mmos
category,442,Recettear,recettear,other-games
category,443,Redshirt,redshirt,other-games
category,396,return to dark tower,return-to-dark-tower,
category,1801,Review,review,general
category,315,Rhythm Games,rhythm-games,
category,345,rift,rift,
category,444,Rift,rift,mmos
category,445,Rock Band,rock-band-other-games,other-games
category,266,Rogue-likes,rogue-likes,
category,446,Roll20,roll20,kickstarter
category,447,Runes of Magic,runes-of-magic-mmos,mmos
category,1601,Salt and Sanctuary,salt-and-sanctuary,other-games
category,448,Sci Fi,sci-fi,general
category,102,Scythe,scythe,
category,449,Second Life,second-life,mmos
category,89,set a watch,set-a-watch,
category,450,Shin Megami Tensei,shin-megami-tensei,mmos
category,451,Shin Megami Tensei: Imagine,shin-megami-tensei-imagine,mmos
category,1498,Ship of Heroes,ship-of-heroes,mmos
category,380,ship of heroes,ship-of-heroes,
category,330,Shooter,shooter,
category,331,Shooter,shooter,
category,354,shroud of the avatar,shroud-of-the-avatar,
category,452,Shroud of the Avatar,shroud-of-the-avatar,mmos
category,453,SimCity 2013,simcity-2013,mmos
category,454,SimCity 3,simcity-3,mmos
category,1883,Skyrim,skyrim,other-games
category,1817,Souls-like,souls-like,
category,1285,Spore,spore,
category,455,Spore,spore,other-games
category,1935,Star Citizen,star-citizen,mmos
category,456,Star Command Galaxies,star-command-galaxies,other-games
category,457,Star Corsairs,star-corsairs,mmos
category,458,Star Trek Online,star-trek-online,mmos
category,339,star trek online,star-trek-online,
category,459,Star Wars The Old Republic,star-wars-the-old-republic,mmos
category,362,star wars: the old republic,star-wars-the-old-republic,
category,2038,Starfield,starfield,other-games
category,2339,Stars Reach,stars-reach,mmos
category,2129,Starship Simulator,starship-simulator,kickstarter
category,142,Steam Games,steam-games,
category,460,Stout Henry,stout-henry-humor-general,humor
category,1307,Straight Talk Warhammer,straight-talk-warhammer,
category,251,Super Nintendo,super-nintendo,
category,332,Survival,survival,
category,334,survival,survival,
category,4,Switch,switch,
category,1906,Sword Art Online Fatal Bullet,sword-art-online-fatal-bullet,other-games
category,461,Sword Coast Legends,sword-coast-legends,mmos
category,2421,Sword Hero,sword-hero,other-games
category,146,Tabletop Games,tabletop-games,
category,462,Tabula Rasa,tabula-rasa,mmos
category,307,Tactical RPG,tactical-rpg,
category,1523,Tales from the Loop,tales-from-the-loop,tabletop-games
category,1481,Tales from the Loop,tales-from-the-loop,
category,1500,Terra Randoma,terra-randoma,other-games
category,1518,Terraforming Mars,terraforming-mars,tabletop-games
category,110,terraforming mars,terraforming-mars,
category,1507,The Elder Scrolls Online,the-elder-scrolls-online,mmos
category,1570,The Loot Project,the-loot-project,blockchain
category,1941,The Secret World,the-secret-world,mmos
category,2134,THE400 Mini,the400-mini,
category,463,TinyGame2010,tinygame2010,other-games
category,464,TIS-100,tis-100,other-games
category,16,TIS-100,tis-100,
category,465,Torchlight,torchlight,other-games
category,12,torchlight,torchlight,
category,466,Torchlight 2,torchlight-2,other-games
category,390,townscaper,townscaper,
category,467,Treasure Abyss,treasure-abyss,facebook-games
category,410,Trends,trends,
category,1734,Turn-based RPGs,turn-based-rpgs,trends
category,468,TV Recaps,tv-recaps,general
category,1940,Ultima Online,ultima-online,mmos
category,1,Uncategorized,uncategorized,
category,1546,Unexplored 2,unexplored-2,other-games
category,1620,V Rising,v-rising,
category,1509,Valheim,valheim,other-games
category,333,valheim,valheim,
category,469,Valkyria Chronicles,valkyria-chronicles,other-games
category,2114,Vandal Hearts,vandal-hearts,other-games
category,470,Vanguard,vanguard,mmos
category,169,vanguard,vanguard,
category,2110,Vectrex,vectrex,
category,411,Video Game,video-game,trends
category,1795,Video game console,video-game-console,trends
category,412,Video Game Series,video-game-series,trends
category,302,Visual Novel,visual-novel,
category,233,visual novel,visual-novel,
category,471,Warhammer: Age of Reckoning,war,mmos
category,1417,Warhammer: Age of Reckoning,war,
category,1418,Warhammer: Age of Reckoning,warhammer-age-of-reckoning,
category,149,Web Games,web-games,
category,472,Web Logging,web-logging,
category,335,Whatcha Playing?,whatcha-playing,
category,1945,White Knight Chronicles,white-knight-chronicles,other-games
category,1605,Wildermyth,wildermyth,tactical-rpg
category,473,Wizard 101,wizard101-mmos,mmos
category,474,Wizardry Online,wizardry-online,mmos
category,475,World of Warcraft,world-of-warcraft,mmos
category,69,world of warcraft,world-of-warcraft,
category,476,World of Warships,world-of-warships,mmos
category,9,world of warships,world-of-warships,
category,1689,Zombie games,zombie-games,trends
category,1714,2D platformer games,2d-platformer-games,trends
category,1688,2D platformers,2d-platformers,trends
category,477,7DRL,7drl,other-games
category,478,7SRL,7srl,other-games
category,1680,Action Adventure games,action-adventure-games,trends
category,1583,Advent of Code,advent-of-code,general
category,479,Adventures in Monopoly,adventures-in-monopoly,humor
category,480,AdventureVille,adventureville,facebook-games
category,1810,Advertising,advertising,general
category,481,Age of Conan,aoc,mmos
category,482,Aion,aion,mmos
category,483,Allods Online,allods-online,mmos
category,413,Arcade Game,arcade-game,trends
category,1820,Ark Survival Evolved,ark-survival-evolved,survival
category,484,Armikrog,armikrog,other-games
category,1525,Artisans of Splendent Vale,artisans-of-splendent-vale,tabletop-games
category,2058,Avalon,avalon,blockchain
category,1544,Axie Infinity,axie-infinity,browser-game
category,485,Ballpoint Universe,ballpoint-universe,kickstarter
category,1736,Bandai Wonderswan,bandai-wonderswan,trends
category,1674,Basketball,basketball,trends
category,486,Battle of the Immortals,battle-of-the-immortals,mmos
category,487,Battlestar Galactica,battlestar-galactica,sci-fi
category,488,Besiege,besiege,other-games
category,2156,Beyond Shadowgate,beyond-shadowgate,kickstarter
category,1937,Black Desert Online,black-desert-online,mmos
category,489,Black Prophecy,black-prophecy,mmos
category,1520,Car Wars,car-wars,tabletop-games
category,490,Castle Story,castle-story,other-games
category,1699,Cats,cats,trends
category,491,Champions Online,champions,mmos
category,492,Chess the MMO,chess-the-mmo,mmos
category,493,Chronicles of Spellborn,chronicles-of-spellborn,mmos
category,494,Cities XL,cities-xl,mmos
category,495,City of Heroes,city-of-heroes,mmos
category,496,Clone Wars Adventures,clone-wars-adventures,other-games
category,497,Code Hero,code-hero,other-games
category,498,College-Ruled Universe,college-ruled-universe,kickstarter
category,499,Comics,comics,humor
category,1474,Console game,console-game,trends
category,500,Crayon Chronicles,crayon-chronicles,kickstarter
category,501,Crayon Physics Deluxe,crayon-physics-deluxe,other-games
category,502,Crypt of the NecroDancer,crypt-of-the-necrodancer,other-games
category,1907,Cyberpunk 2077,cyberpunk-2077,other-games
category,503,D&amp;D 4E,dd-4e,other-games
category,504,Daily Blogroll,weblog,mmos
category,505,Dark Ages of Camelot,dark-ages-of-camelot,mmos
category,506,Darkfall,darkfall-mmos,mmos
category,507,DC Universe Online,dc-universe-online,mmos
category,508,Diablo 3,diablo-3-other-games,other-games
category,1739,Dinosaur games,dinosaur-games,trends
category,509,Divinity II -- Dragon Knight Saga,divinity-ii-dragon-knight-saga,other-games
category,510,Doctor Who,doctor-who,sci-fi
category,511,Doctor Who Adventures,doctor-who-adventures,other-games
category,512,Dragon Age Legends,dragon-age-legends,facebook-games
category,513,Dragon Age Origins,dragon-age-origins,other-games
category,514,Dragon Nest,dragon-nest,mmos
category,2107,Dragon's Dogma,dragons-dogma,other-games
category,515,Dragonica Online,dragonica-online,mmos
category,516,Dream of Mirror Online,domo,mmos
category,2391,Dune Awakening,dune-awakening,mmos
category,2208,Dungeon Crawl Classics,dungeon-crawl-classics,tabletop-games
category,1529,Dungeon Encounters,dungeon-encounters,other-games
category,517,Dungeon Siege,ds,other-games
category,518,Dungeons &amp; Dragons Online,dungeons-dragons-online,mmos
category,519,Earth Eternal,earth-eternal,mmos
category,520,Earthrise,earthrise,mmos
category,1939,Elite Dangerous,elite-dangerous,mmos
category,1569,EQ Online Adventures,eq-online-adventures,mmos
category,2323,Erenshor,erenshor,mmos
category,521,Eureka,eureka,sci-fi
category,522,Euro Truck Simulator 2,euro-truck-simulator-2,other-games
category,523,EvE Online,eve-online,mmos
category,2267,EverCraft Online,evercraft-online,mmos
category,524,EverQuest,everquest,mmos
category,525,EverQuest 2,everquest-2,mmos
category,526,EverQuest Next,everquest-next,mmos
category,1744,Exploration games,exploration-games,trends
category,527,Fallen Earth,fallen-earth,mmos
category,1781,Fanfic,fanfic,general
category,528,Fantasy Earth Zero,fantasy-earth-zero,mmos
category,351,FF1,ff1,final-fantasy
category,374,FF3,ff3,final-fantasy
category,376,FFXIV,ffxiv,final-fantasy
category,1780,Final Fantasy VI,final-fantasy-vi,trends
category,1735,Final Fantasy VII,final-fantasy-vii,trends
category,529,Final Fantasy XI,final-fantasy-xi,mmos
category,1953,Final Fantasy XIII,final-fantasy-xiii,trends
category,530,Final Fantasy XIV,final-fantasy-xiv,mmos
category,1943,Final Fantasy XVI,final-fantasy-xvi,trends
category,1725,First person shooter,first-person-shooter,trends
category,531,Fists of Fu,fists-of-fu,mmos
category,1526,Flamecraft,flamecraft,tabletop-games
category,532,Florensia,florensia-mmos,mmos
category,1770,Fortnite,fortnite,mmos
category,533,Free Realms,free-realms,mmos
category,534,From Ello,from-ello,general
category,535,FTL,ftl,other-games
category,1796,Gaming convention,gaming-convention,trends
category,536,Gatheryn,gatheryn,mmos
category,537,Gauntlet,gauntlet,other-games
category,1554,Gladius,gladius,other-games
category,538,Glitch,glitch,mmos
category,1514,Gloomhaven,gloomhaven,other-games
category,539,Go,go,other-games
category,540,Gods &amp; Heroes,gods-heroes,mmos
category,541,GodsWar Online,godswar-online,mmos
category,542,Godville,godville,other-games
category,1838,Gotham Knights,gotham-knights,open-world-rpg
category,2106,Granblue Fantasy,granblue-fantasy,other-games
category,543,Gratuitous Space Battles,gratuitous-space-battles,other-games
category,1513,Greedfall,greedfall,other-games
category,544,Grim Dawn,grim-dawn,other-games
category,545,Guild Wars,guild-wars,mmos
category,2034,Guild Wars 2,guild-wars-2,mmos
category,546,Hearthstone,hearthstone,other-games
category,547,Hello Kitty Online,hello-kitty,mmos
category,2044,HeroQuest,heroquest,tabletop-games
category,548,Herotopia,herotopia,other-games
category,549,HOARD,hoard,other-games
category,550,Ingress,ingress,other-games
category,1727,Isometric tactical strategy,isometric-tactical-strategy,trends
category,551,It's a Wipe!,its-a-wipe,other-games
category,1517,Kaiju Wars,kaiju-wars,other-games
category,552,Kerbal Space Program,kerbal-space-program,other-games
category,2212,Kesmai,kesmai,mmos
category,553,Kingdoms of Amalur: Reckoning,kingdoms-of-alura-reckoning,other-games
category,554,Kung Foo!,kung-foo,mmos
category,555,LaTale,latale,mmos
category,556,Legends of Zork,legends-of-zork,other-games
category,557,LEGO Universe,lego-universe,mmos
category,558,LittleBig Planet,littlebig-planet,other-games
category,559,LittleBigPlanet,littlebigplanet,other-games
category,1522,Lord of the Chords,lord-of-the-chords,tabletop-games
category,560,Lord of the Rings,lord-of-the-rings-online,mmos
category,1936,Lost Ark,lost-ark,mmos
category,561,Love,love,mmos
category,562,Lucent Heart,lucent-heart,mmos
category,563,Mabinogi,mabinogi,mmos
category,1700,Magic,magic,trends
category,564,Magical Diary,magical-diary,other-games
category,2247,Malifaux,malifaux,tabletop-games
category,2158,Manor Lords,manor-lords,other-games
category,1938,MapleStory,maplestory,mmos
category,1487,Massively multiplayer,massively-multiplayer,trends
category,565,Metaplace,metaplace,other-games
category,1712,Metroidvania games,metroidvania-games,trends
category,566,Minecraft,minecraft,other-games
category,1502,My Little Scythe,my-little-scythe,tabletop-games
category,1521,Mystery Dice,mystery-dice,tabletop-games
category,1743,Mystery games,mystery-games,trends
category,2190,Nemesis,nemesis,tabletop-games
category,567,Neopets,neopets,other-games
category,568,Neverwinter Nights,nwn,other-games
category,569,Nostalgia the Guild,nostalgia-the-guild,everquest
category,570,Oblivion,oblivion,other-games
category,1839,Photo Editing,photo-editing,trends
category,1690,Post-apocalyptic games,post-apocalyptic-games,trends
category,1740,Prehistoric games,prehistoric-games,trends
category,1472,Programming language,programming-language,trends
category,1742,Psychological Thriller,psychological-thriller,trends
category,1681,Puzzles,puzzles,trends
category,1528,Return to Dark Tower,return-to-dark-tower,tabletop-games
category,1678,RPG,rpg,trends
category,1840,Screenshots,screenshots,trends
category,1501,Scythe,scythe,tabletop-games
category,1524,Set a Watch,set-a-watch,tabletop-games
category,571,Shards of Dalaya,shards-of-dalaya,everquest
category,1713,Side-scrolling games,side-scrolling-games,trends
category,1675,Sports,sports,trends
category,1519,Star Scrappers Orbital,star-scrappers-orbital,tabletop-games
category,1829,Star Trek,star-trek,trends
category,572,Straight Talk Warhammer,straight-talk-warhammer,war
category,1676,Strategy,strategy,trends
category,1726,Supernatural Horror,supernatural-horror,trends
category,1469,System Software,system-software,trends
category,1492,Tabletop game,tabletop-game,trends
category,1677,Tactics,tactics,trends
category,1757,Text Adventure game,text-adventure-game,trends
category,1468,Topic,topic,trends
category,2125,Unicorn Overlord,unicorn-overlord,rpg
category,2028,Baldur's Gate 3,baldurs-gate-3,rpg
category,2359,Frosthaven,frosthaven,gloomhaven
tag,573,1,1,
tag,1791,1-4 players,1-4-players,
tag,574,1.03,103,
tag,1671,11Sheep,11sheep,
tag,575,2,2,
tag,217,2020,2020,
tag,1858,2022,2022,
tag,1867,24,24,
tag,1603,2D,2d,
tag,1691,2D platformer,2d-platformer,
tag,1652,2Dark 2C,2dark-2c,
tag,576,3,3,
tag,2224,3-2-1 strategy,3-2-1-strategy,
tag,248,38 studios,38-studios,
tag,3,3D Printing,3d-printing-old,
tag,1792,45 minutes,45-minutes,
tag,2364,4th edition,4th-edition,
tag,577,51,51,
tag,578,51/50,5150,
tag,263,5e,5e,
tag,2057,663333,663333,
tag,17,7 Billion Humans,7-billion-humans,
tag,1665,80s and 90s,80s-and-90s,
tag,579,a bad excuse,a-bad-excuse,
tag,580,a bit lucky,a-bit-lucky,
tag,2356,a dark room,a-dark-room,
tag,1927,a realm reborn,a-realm-reborn,
tag,2235,a twist of fate,a-twist-of-fate,
tag,1592,a*,a,
tag,108,abashi,abashi,
tag,581,acclaim,acclaim,
tag,2441,ace of aces,ace-of-aces,
tag,582,achiever,achiever,
tag,2047,act i,act-i,
tag,583,act iii,act-iii,
tag,1721,action,action,
tag,1682,Action adventure game,action-adventure-game,
tag,1694,action game,action-game,
tag,1804,adam oyebanji,adam-oyebanji,
tag,584,Add new tag,add-new-tag,
tag,585,adora,adora,
tag,1667,Adrian,adrian,
tag,1859,advent,advent,
tag,2094,advent calendar,advent-calendar,
tag,2095,AdventCalendar,adventcalendar,
tag,1724,adventure,adventure,
tag,586,Adventure Company,adventure-company,
tag,324,adventure game,adventure-game,
tag,587,adware,adware,
tag,588,aeria games,aeria-games,
tag,589,aerosmith,aerosmith,
tag,590,aethenium,aethenium,
tag,591,against the void,against-the-void,
tag,19,AI,ai,
tag,592,albany,albany,
tag,1580,album,album,
tag,593,alchemist,alchemist,
tag,594,aldenvault,aldenvault,
tag,595,alderich,alderich,
tag,2222,alf,alf,
tag,1585,algorithms,algorithms,
tag,596,alice and kev,alice-and-kev,
tag,2191,alien,alien,
tag,2193,alien 3,alien-3,
tag,2194,alien vs predator,alien-vs-predator,
tag,2192,aliens,aliens,
tag,597,all points bulletin,all-points-bulletin,
tag,1922,aloy,aloy,
tag,2093,alpha,alpha,
tag,340,amazon,amazon,
tag,598,ambassador,ambassador,
tag,599,american idol,american-idol,
tag,600,american idol tour 2008,american-idol-tour-2008,
tag,601,amok time,amok-time,
tag,2260,analogue,analogue,
tag,2261,analogue 3d,analogue-3d,
tag,2053,analogue pocket,analogue-pocket,
tag,1799,analogue super nt,analogue-super-nt,
tag,602,anashti sul,anashti-sul,
tag,294,animal crossing new horizons,animal-crossing-new-horizons,
tag,603,animation,animation,
tag,275,anime,anime,
tag,604,anniversary,anniversary,
tag,2161,anno 1404,anno-1404,
tag,1662,anxiety,anxiety,
tag,1857,aoc,aoc,
tag,2068,aoc2023,aoc2023,
tag,605,apb,apb,
tag,606,apocalypse now,apocalypse-now,
tag,607,app,app,
tag,608,appearance,appearance,
tag,609,appearance armor,appearance-armor,
tag,610,april fool,april-fool,
tag,611,aqualung,aqualung,
tag,1562,aquaman,aquaman,
tag,68,aradune,aradune,
tag,612,arasai,arasai,
tag,193,arcade,arcade,
tag,2358,arcade paradise,arcade-paradise,
tag,1775,arcadian atlas,arcadian-atlas,
tag,2278,arcane emissary,arcane-emissary,
tag,613,archer's point,archers-point,
tag,614,architect,architect,
tag,615,archmage,archmage,
tag,616,arena,arena,
tag,352,ares expedition,ares-expedition,
tag,617,armor,armor,
tag,13,arpg,arpg,
tag,401,arris,arris,
tag,618,ars technica,ars-technica,
tag,1558,artflow,artflow,
tag,1559,artflow.ai,artflow-ai,
tag,214,as,as,
tag,215,asmr,asmr,
tag,619,assassin,assassin,
tag,285,assassin&#039;s creed,assassins-creed,
tag,2029,astarion,astarion,
tag,280,asteroids,asteroids,
tag,620,astral magic,astral-magic,
tag,1555,atari,atari,
tag,279,atari 2600,atari-2600,
tag,2285,atlus,atlus,
tag,621,atticus,atticus,
tag,1731,attractive graphics,attractive-graphics,
tag,2447,audiomech,audiomech,
tag,622,audiosurf,audiosurf,
tag,1728,author,author,
tag,623,autostitch,autostitch,
tag,624,avatar,avatar,
tag,2234,avatar the last airbender,avatar-the-last-airbender,
tag,1812,avengers,avengers,
tag,186,avengers beta,avengers-beta,
tag,625,awakenings,awakenings,
tag,409,aws,aws,
tag,2316,axe-o-lot-l,axe-o-lot-l,
tag,2293,azure flame,azure-flame,
tag,1990,babylon 5,babylon-5,
tag,2096,babylonjs,babylonjs,
tag,2157,"Back when ""roguelike"" meant something",back-when-roguelike-meant-something,
tag,2223,backups,backups,
tag,626,backyard monsters,backyard-monsters,
tag,627,balance,balance,
tag,2383,balatro,balatro,
tag,1877,balloon,balloon,
tag,2332,bambu,bambu,
tag,628,bandai,bandai,
tag,2159,banished,banished,
tag,190,banned in denmark,banned-in-denmark,
tag,174,banner of the maid,banner-of-the-maid,
tag,629,bar code,bar-code,
tag,630,bard,bard,
tag,2268,bardwood grove,bardwood-grove,
tag,236,barrow,barrow,
tag,1994,barthandelus,barthandelus,
tag,631,bartle test,bartle-test,
tag,632,bartleby,bartleby,
tag,2405,base44,base44,
tag,2070,basic,basic,
tag,1655,basketball,basketball,
tag,633,bastilla,bastilla,
tag,2128,bastion of chaos,bastion-of-chaos,
tag,634,bastion of thunder,bastion-of-thunder,
tag,2042,bastions,bastions,
tag,1847,batman,batman,
tag,2140,battahl,battahl,
tag,1999,battletech,battletech,
tag,635,baxter,baxter,
tag,636,bazaar,bazaar,
tag,235,bear,bear,
tag,224,bear eat bear world,bear-eat-bear-world,
tag,234,bear we can believe in,bear-we-can-believe-in,
tag,2115,beat saber,beat-saber,
tag,60,beetle adventure racing,beetle-adventure-racing,
tag,158,befallen,befallen,
tag,2145,bell,bell,
tag,2146,bell book and candle,bell-book-and-candle,
tag,2142,bellanoir,bellanoir,
tag,2143,bellanoir libero,bellanoir-libero,
tag,2375,beloved rapture,beloved-rapture,
tag,1594,berlin interpretation,berlin-interpretation,
tag,637,berserker epic,berserker-epic,
tag,1978,Berthandelus,berthandelus,
tag,638,bertoxxulous,bertoxxulous,
tag,2301,best of 2024,best-of-2024,
tag,2141,bestral,bestral,
tag,381,beta,beta,
tag,1879,bethesda,bethesda,
tag,2144,bewitched,bewitched,
tag,2154,beyond shadowgate,beyond-shadowgate,
tag,639,bible,bible,
tag,227,bicycling,bicycling,
tag,2148,big bang theory,big-bang-theory,
tag,640,big ben,big-ben,
tag,641,big surprise,big-surprise,
tag,31,bioware,bioware,
tag,1542,bitcoin,bitcoin,
tag,1833,black adam,black-adam,
tag,1604,black and white,black-and-white,
tag,1653,blaug,blaug,
tag,130,blaugust,blaugust-1,
tag,642,blizzard,blizzard,
tag,643,blog,blog,
tag,644,BLOG ME,blog-me,
tag,645,bloggers,bloggers,
tag,156,blogging,blogging,
tag,2027,bloodmoon ursaluna,bloodmoon-ursaluna,
tag,1993,blue beetle,blue-beetle,
tag,646,blue oyster cult,blue-oyster-cult,
tag,2363,Blue Prince,blue-prince,
tag,1658,bluestacks,bluestacks,
tag,1983,board game,board-game,
tag,2179,boba tea,boba-tea,
tag,647,boc,boc,
tag,2393,boilermaker,boilermaker,
tag,2296,bonaparte,bonaparte,
tag,648,bonus coins weekend,bonus-coins-weekend,
tag,1803,book,book,
tag,649,borg,borg,
tag,1754,Bowser,bowser,
tag,650,bread and circuses,bread-and-circuses,
tag,1664,Breaking the 4th Wall,breaking-the-4th-wall,
tag,298,breath of the wild,breath-of-the-wild,
tag,651,bree-lands,bree-lands,
tag,652,breen,breen,
tag,653,brewday,brewday,
tag,654,brian,brian,
tag,171,bridges,bridges,
tag,655,bright wizard,bright-wizard,
tag,656,brightknife,brightknife,
tag,2137,broken sword,broken-sword,
tag,657,broker,broker,
tag,658,broodlands,broodlands,
tag,659,brooke white,brooke-white,
tag,660,brothers,brothers,
tag,2207,brownian motion,brownian-motion,
tag,661,bruce campbell,bruce-campbell,
tag,662,bruiser gi,bruiser-gi,
tag,663,bubba ho-tep,bubba-ho-tep,
tag,2304,buck up and drive,buck-up-and-drive,
tag,664,buddy,buddy,
tag,192,bullet hell,bullet-hell,
tag,665,bumptop,bumptop,
tag,1920,burning shores,burning-shores,
tag,666,butcherblock,butcherblock,
tag,86,butcherblock mountains,butcherblock-mountains,
tag,2131,buttons &amp; bugs,buttons-bugs,
tag,2366,buy the vote,buy-the-vote,
tag,2299,c,c,
tag,667,cab,cab,
tag,2084,caching,caching,
tag,2242,california,california,
tag,668,calliandra string quartet,calliandra-string-quartet,
tag,2071,camel,camel,
tag,356,camelot unchained,camelot-unchained,
tag,2337,canvas,canvas,
tag,2127,capcom,capcom,
tag,669,captain,captain,
tag,2321,captaincon,captaincon,
tag,1630,capture card,capture-card,
tag,274,card game,card-game,
tag,670,cardassian,cardassian,
tag,671,cards,cards,
tag,1925,carl sagan,carl-sagan,
tag,672,carly smithson,carly-smithson,
tag,673,carpe fulgur,carpe-fulgur,
tag,2273,carver day,carver-day,
tag,202,cash shop,cash-shop,
tag,674,casual,casual,
tag,675,casual collective,casual-collective,
tag,676,casual game,casual-game,
tag,677,casualties of war,casualties-of-war,
tag,2370,cat secretary,cat-secretary,
tag,678,cataclysm,cataclysm,
tag,1732,catchy music,catchy-music,
tag,239,catrike559,catrike559,
tag,1704,Cats,cats,
tag,679,cave of sorrow,cave-of-sorrow,
tag,680,cazic-thule,cazic-thule,
tag,681,cbt,cbt,
tag,1784,Celes,celes,
tag,682,celestara mex,celestara-mex,
tag,683,celestia,celestia,
tag,2199,cello hero,cello-hero,
tag,1956,centipede,centipede,
tag,384,challenge of the superfriends,challenge-of-the-superfriends,
tag,1733,challenging,challenging,
tag,684,chamber of fire,chamber-of-fire,
tag,685,chamber of flames,chamber-of-flames,
tag,41,champions of norrath,champions-of-norrath,
tag,155,champions online,champions-online-old,
tag,2229,champions return to arms,champions-return-to-arms,
tag,1505,chaos,chaos,
tag,1816,character.ai,character-ai,
tag,686,characters,characters,
tag,228,charter oak greenway,charter-oak-greenway,
tag,1782,chatbot,chatbot,
tag,1980,chatgpt,chatgpt,
tag,2343,cheat codes,cheat-codes,
tag,1977,cheating,cheating,
tag,1832,check it,check-it,
tag,687,chelsea court,chelsea-court,
tag,688,chelsea tower,chelsea-tower,
tag,317,chess,chess,
tag,689,chetwood,chetwood,
tag,690,chikezie ezie,chikezie-ezie,
tag,366,china,china,
tag,55,chocobo mystery dungeon,chocobo-mystery-dungeon,
tag,691,choo choo,choo-choo,
tag,2449,christmas,christmas,
tag,692,chrono resurrection,chrono-resurrection,
tag,166,chrono trigger,chrono-trigger,
tag,693,chrono trigger DS,chrono-trigger-ds,
tag,1786,Cid,cid,
tag,2092,circuits,circuits,
tag,2162,city builder,city-builder,
tag,378,city of villains,city-of-villains,
tag,694,city of wonder,city-of-wonder,
tag,2378,clair obscur,clair-obscur,
tag,1738,claire,claire,
tag,79,clark gable,clark-gable,
tag,2451,clean sweep,clean-sweep,
tag,1844,Cleanup.pictures,cleanup-pictures,
tag,2022,cleric,cleric,
tag,695,cloaked intentions,cloaked-intentions,
tag,696,clockwork menace,clockwork-menace,
tag,1584,clojure,clojure,
tag,697,closed beta,closed-beta,
tag,698,closed beta test,closed-beta-test,
tag,699,co-op,co-op,
tag,700,CoA,coa,
tag,372,coding,coding,
tag,701,coh,coh,
tag,1543,coinbase,coinbase,
tag,702,coins,coins,
tag,703,cold call,cold-call,
tag,704,cold comfort,cold-comfort,
tag,705,colecovision,colecovision,
tag,706,coliseum,coliseum,
tag,707,collector's edition,collectors-edition,
tag,2138,colossal cave,colossal-cave,
tag,2166,colossal cave adventure,colossal-cave-adventure,
tag,708,colossus boulevard,colossus-boulevard,
tag,709,combat,combat,
tag,1663,comics,comics,
tag,114,commander,commander,
tag,219,community,community,
tag,2213,compuserve,compuserve,
tag,710,concept,concept,
tag,711,connecticut,connecticut,
tag,1924,contact,contact,
tag,206,content creation,content-creation,
tag,712,contest,contest,
tag,1979,copilot,copilot,
tag,713,copperhorn mountain,copperhorn-mountain,
tag,209,coronavirus,coronavirus,
tag,1950,cory doctorow,cory-doctorow,
tag,2452,cosmic chasm,cosmic-chasm,
tag,2081,cosmology,cosmology,
tag,714,cotton mather,cotton-mather,
tag,2290,Counter,counter,
tag,715,counterweight east,counterweight-east,
tag,716,counterweigt west,counterweigt-west,
tag,717,cov,cov,
tag,2399,covid,covid,
tag,718,cowbell,cowbell,
tag,719,crab alley,crab-alley,
tag,168,crafting,crafting,
tag,720,crafting mission,crafting-mission,
tag,99,Cragheart,cragheart,
tag,1649,craiyon,craiyon,
tag,109,creality ender 3 pro,creality-ender-3-pro,
tag,1984,creator,creator,
tag,721,crimson eternity,crimson-eternity,
tag,722,crimson fields,crimson-fields,
tag,1876,crippling failure,crippling-failure,
tag,2454,critical role,critical-role,
tag,2231,crocs,crocs,
tag,2009,crow,crow,
tag,54,crowfall,crowfall,
tag,261,crown of the magister,crown-of-the-magister,
tag,724,crowns,crowns,
tag,45,crushbone,crushbone,
tag,725,crypt of agony,crypt-of-agony,
tag,726,crypt of nadox,crypt-of-nadox,
tag,727,cryptic,cryptic,
tag,2309,cryptmaster,cryptmaster,
tag,1571,crypto,crypto,
tag,2413,crystal enclosure,crystal-enclosure,
tag,1934,Crystal Tower,crystal-tower,
tag,2227,cthulhu,cthulhu,
tag,1478,Ctrl-Alt-Del,ctrl-alt-del,
tag,2457,cube new england,cube-new-england,
tag,728,cuecat,cuecat,
tag,2350,cultivate,cultivate,
tag,729,cutting the cord,cutting-the-cord,
tag,295,cyberpunk 2077,cyberpunk-2077,
tag,2087,Cycle Detection Algorithm,cycle-detection-algorithm,
tag,730,cyrus drake,cyrus-drake,
tag,731,d'kyr,dkyr,
tag,262,d&amp;d,dd,
tag,732,dabo,dabo,
tag,733,dagnor's cauldron,dagnors-cauldron,
tag,29,daily log,daily-log,
tag,1709,Dall-E 2,dall-e-2,
tag,342,dark age of camelot,dark-age-of-camelot,
tag,734,dark alliance,dark-alliance,
tag,2064,dark and darker,dark-and-darker,
tag,2388,Dark Quest,dark-quest,
tag,2439,dark quest 4,dark-quest-4,
tag,1610,dark souls,dark-souls,
tag,1623,dark stone,dark-stone,
tag,735,dashboard confessional,dashboard-confessional,
tag,736,davey and goliath online,davey-and-goliath-online,
tag,737,david archuletta,david-archuletta,
tag,738,david cook,david-cook,
tag,739,david perry,david-perry,
tag,1884,Dawnguard,dawnguard,
tag,740,day 3,day-3,
tag,1533,dc comics,dc-comics,
tag,2203,DC Superheroes United,dc-superheroes-united,
tag,2210,dcc,dcc,
tag,6,dcuo,dcuo,
tag,741,dead girl's notebook,dead-girls-notebook,
tag,2327,dead reckoning,dead-reckoning,
tag,1565,death,death,
tag,742,death oni,death-oni,
tag,118,death stranding,death-stranding,
tag,743,deathfist citadel,deathfist-citadel,
tag,2322,december,december,
tag,103,deckbuilding,deckbuilding,
tag,744,decks,decks,
tag,745,deep ones,deep-ones,
tag,746,deep space 9,deep-space-9,
tag,747,defera,defera,
tag,748,deferi,deferi,
tag,1633,deimos,deimos,
tag,749,delera,delera,
tag,750,delera's tomb,deleras-tomb,
tag,751,delusions of grandeur,delusions-of-grandeur,
tag,752,demigod,demigod,
tag,1809,demo,demo,
tag,1642,deneb,deneb,
tag,1865,depth first search,depth-first-search,
tag,753,depths of darkhollow,depths-of-darkhollow,
tag,754,der ring des nibelungen,der-ring-des-nibelungen,
tag,755,dera,dera,
tag,182,desert planet,desert-planet,
tag,756,desert walk,desert-walk,
tag,757,developer chat,developer-chat,
tag,2398,deviantart,deviantart,
tag,758,devidian,devidian,
tag,408,devops,devops,
tag,759,diablo,diablo,
tag,760,diablo 3,diablo-3,
tag,761,diablo III,diablo-iii,
tag,2188,dice,dice,
tag,329,dice drafting,dice-drafting,
tag,2153,diceomatic,diceomatic,
tag,1591,dijkstra,dijkstra,
tag,762,dina,dina,
tag,763,dinah,dinah,
tag,764,dippy birds,dippy-birds,
tag,2233,dirge of cerberus,dirge-of-cerberus,
tag,1756,Dirk the Daring,dirk-the-daring,
tag,1670,Disco Elysium,disco-elysium,
tag,765,discs of tron,discs-of-tron,
tag,131,disney,disney,
tag,2453,dispatch,dispatch,
tag,1813,dissidia,dissidia,
tag,1815,dissidia 012 final fantasy,dissidia-012-final-fantasy,
tag,2236,divine grace,divine-grace,
tag,766,dlc,dlc,
tag,82,dolla dolla bill y&#039;all,dolla-dolla-bill-yall,
tag,273,dominion,dominion,
tag,2459,dominus automa,dominus-automa,
tag,768,donatu,donatu,
tag,769,doomfire,doomfire,
tag,2382,dora the explorer,dora-the-explorer,
tag,770,dorah,dorah,
tag,269,dos,dos,
tag,2361,dr. doom,dr-doom,
tag,771,dr. horrible,dr-horrible,
tag,772,dr. horrible's sing-along blog,dr-horribles-sing-along-blog,
tag,2178,dr. stone,dr-stone,
tag,30,dragon age,dragon-age,
tag,773,dragon hatchery,dragon-hatchery,
tag,2126,dragon's dogma II,dragons-dogma-ii,
tag,774,dragon's nest,dragons-nest,
tag,1885,Dragonborn,dragonborn,
tag,1627,dragonquest,dragonquest,
tag,1788,dragons,dragons,
tag,775,dragons of norrath,dragons-of-norrath,
tag,776,dragonspyre,dragonspyre,
tag,2221,DragonStrike,dragonstrike,
tag,777,drake hatchery,drake-hatchery,
tag,1797,drakkhen,drakkhen,
tag,1798,drakkhen ii,drakkhen-ii,
tag,778,drama,drama,
tag,779,dreadlands,dreadlands,
tag,780,dream of mirror online,dream-of-mirror-online,
tag,781,drozana,drozana,
tag,2074,druid,druid,
tag,782,druid ring,druid-ring,
tag,2116,drums rock,drums-rock,
tag,783,druushk,druushk,
tag,784,ds9,ds9,
tag,785,duel,duel,
tag,181,dune,dune,
tag,786,dungeon crawl,dungeon-crawl,
tag,2187,dungeon crawl classic,dungeon-crawl-classic,
tag,787,Dungeon Runners,dungeon-runners,
tag,11,dungeon siege,dungeon-siege,
tag,789,dungeon siege II,dungeon-siege-ii,
tag,358,dungeons and dragons online,dungeons-and-dragons-online,
tag,1814,duodeci,duodeci,
tag,790,dust,dust,
tag,791,dwarf,dwarf,
tag,1834,dwayne johnson,dwayne-johnson,
tag,1966,e,e,
tag,792,E3,e3,
tag,1549,early access,early-access,
tag,793,earth,earth,
tag,794,earthcaller,earthcaller,
tag,229,east coast greenway,east-coast-greenway,
tag,795,easter,easter,
tag,1686,easy to learn,easy-to-learn,
tag,796,edona,edona,
tag,797,Eitholi Blade of the Fae,eitholi-blade-of-the-fae,
tag,798,el drijver,el-drijver,
tag,1612,elden ring,elden-ring,
tag,105,elder scrolls,elder-scrolls,
tag,106,elder scrolls blades,elder-scrolls-blades,
tag,361,elder scrolls online,elder-scrolls-online,
tag,2277,elections,elections,
tag,117,elegoo mars,elegoo-mars,
tag,1868,elephant,elephant,
tag,1856,elf,elf,
tag,2200,elite beat agents,elite-beat-agents,
tag,799,elves,elves,
tag,2422,embers,embers,
tag,800,emerald halls,emerald-halls,
tag,801,emoush,emoush,
tag,802,emperor,emperor,
tag,1967,empire,empire,
tag,59,emulator,emulator,
tag,2315,endless rpg,endless-rpg,
tag,1762,endless runner,endless-runner,
tag,803,engineer,engineer,
tag,804,enhancements,enhancements,
tag,805,enraged librarian,enraged-librarian,
tag,806,enterprise,enterprise,
tag,807,entropia universe,entropia-universe,
tag,1708,Environment manipulation,environment-manipulation,
tag,1548,epic games,epic-games,
tag,808,episode,episode,
tag,1515,episode 42,episode-42,
tag,270,epyx games,epyx-games,
tag,809,eq,eq,
tag,810,eq expansion,eq-expansion,
tag,64,eq zone viewer,eq-zone-viewer,
tag,811,eq2,eq2,
tag,812,eq2 expansion,eq2-expansion,
tag,813,eq3,eq3,
tag,814,eqemulator,eqemulator,
tag,1488,eqoa,eqoa,
tag,196,eqpa,eqpa,
tag,2240,erenshor,erenshor,
tag,815,erollisi day,erollisi-day,
tag,816,estendil,estendil,
tag,817,eta eridani,eta-eridani,
tag,1535,ethereum,ethereum,
tag,818,Ettie,ettie,
tag,2291,euripides,euripides,
tag,2423,even steven,even-steven,
tag,819,evendim,evendim,
tag,820,evendrim,evendrim,
tag,821,evernight abbey,evernight-abbey,
tag,1949,everquest,everquest,
tag,71,everquest 3,everquest-3,
tag,63,everquest online adventures,everquest-online-adventures,
tag,210,eversource,eversource,
tag,822,eversun inn basement,eversun-inn-basement,
tag,823,everuest 2,everuest-2,
tag,305,every buddy,every-buddy,
tag,824,evil dead,evil-dead,
tag,292,exapunks,exapunks,
tag,825,exarchyon,exarchyon,
tag,316,exercise,exercise,
tag,826,expansion,expansion,
tag,2379,expedition 33,expedition-33,
tag,827,exploit,exploit,
tag,107,f2p,f2p,
tag,32,facebook,facebook,
tag,828,fada deaths,fada-deaths,
tag,2328,fae,fae,
tag,829,failure cascade,failure-cascade,
tag,830,fakehammer,fakehammer,
tag,184,fall guys,fall-guys,
tag,831,fallen earth,fallen-earth-2,
tag,313,fallout,fallout,
tag,832,fallout mmo,fallout-mmo,
tag,314,fallout shelter,fallout-shelter,
tag,2386,family,family,
tag,833,fan faire,fan-faire,
tag,2317,Fantasian Neo Dimension,fantasian-neo-dimension,
tag,834,far seas trading company,far-seas-trading-company,
tag,835,fatalism,fatalism,
tag,33,favorite game series,favorite-game-series,
tag,46,faydark,faydark,
tag,836,fear,fear,
tag,837,feature,feature,
tag,838,feature episode,feature-episode,
tag,839,featured episodes,featured-episodes,
tag,840,federation,federation,
tag,841,federation new service,federation-new-service,
tag,842,federation news service,federation-news-service,
tag,843,felecia day,felecia-day,
tag,844,fens of nathsar,fens-of-nathsar,
tag,845,ferengi,ferengi,
tag,1808,ffxii,ffxii,
tag,1807,ffxv,ffxv,
tag,2043,fiction,fiction,
tag,83,field of bone,field-of-bone,
tag,2446,fighting hedgehog,fighting-hedgehog,
tag,1471,filezilla,filezilla,
tag,1626,final fantasy brave exvius,final-fantasy-brave-exvius,
tag,53,final fantasy tactics,final-fantasy-tactics,
tag,1586,final fantasy tactics advance,final-fantasy-tactics-advance,
tag,846,fippy darkpaw,fippy-darkpaw,
tag,847,Fire Caves,fire-caves,
tag,303,fire emblem,fire-emblem,
tag,848,firecat alley,firecat-alley,
tag,849,firemyst gully,firemyst-gully,
tag,1566,firiona vie,firiona-vie,
tag,850,first,first,
tag,851,first impressions,first-impressions,
tag,2389,first light,first-light,
tag,230,fish screaming,fish-screaming,
tag,232,fishdom,fishdom,
tag,290,fitness boxing 2,fitness-boxing-2,
tag,14,five game series,five-game-series,
tag,852,flagship studios,flagship-studios,
tag,1789,Flamecraft,flamecraft,
tag,853,fleshless tower,fleshless-tower,
tag,1625,flight rising,flight-rising,
tag,2077,flood fill,flood-fill,
tag,855,flower,flower,
tag,856,fluid dynamics,fluid-dynamics,
tag,857,fluidic space,fluidic-space,
tag,858,fns,fns,
tag,346,fomo,fomo,
tag,859,forbidden planet,forbidden-planet,
tag,860,forest lord,forest-lord,
tag,861,fortune league,fortune-league,
tag,347,fotm,fotm,
tag,1842,Fotor,fotor,
tag,862,founders beta,founders-beta,
tag,159,foundry,foundry,
tag,2054,fpga,fpga,
tag,863,fred howard,fred-howard,
tag,864,free,free,
tag,865,free as in beer,free-as-in-beer,
tag,866,free as in speach,free-as-in-speach,
tag,867,free to play,free-to-play,
tag,868,freemium,freemium,
tag,869,freeport,freeport,
tag,176,french revolution,french-revolution,
tag,870,frogster,frogster,
tag,871,frontierville,frontierville-2,
tag,872,frostfell,frostfell,
tag,1497,frostgrave,frostgrave,
tag,1483,Frosthaven,frosthaven,
tag,873,frozen,frozen,
tag,1741,funspot,funspot,
tag,1886,Fus-Ro-Da,fus-ro-da,
tag,391,Fusion 360,fusion-360,
tag,1882,future state,future-state,
tag,2176,future tactics,future-tactics,
tag,1933,G&#039;raha Tia,graha-tia,
tag,123,gacha,gacha,
tag,874,galahad the brave,galahad-the-brave,
tag,2041,gale,gale,
tag,875,gallery,gallery,
tag,876,Galt's Tomb,galts-tomb,
tag,1718,game,game,
tag,160,game ni,game-ni,
tag,100,Game of Thrones,game-of-thrones,
tag,1827,game pack,game-pack,
tag,1822,game shows,game-shows,
tag,1496,game topper,game-topper,
tag,877,game update,game-update,
tag,878,game update 47,game-update-47,
tag,879,game update 6,game-update-6,
tag,2226,gameboy,gameboy,
tag,1587,gameboy advance,gameboy-advance,
tag,2204,gamefound,gamefound,
tag,1996,gamer's nexus,gamers-nexus,
tag,880,gamera,gamera,
tag,881,games convention,games-convention,
tag,882,gardening,gardening,
tag,1504,garland,garland,
tag,1540,gas,gas,
tag,883,gas powered games,gas-powered-games,
tag,2189,gate keeper games,gate-keeper-games,
tag,1988,gauntlet,gauntlet,
tag,1729,generate ideas,generate-ideas,
tag,297,genshin impact,genshin-impact,
tag,884,geto boys,geto-boys,
tag,127,ghost of tsushima,ghost-of-tsushima,
tag,126,ghosts of tsushima,ghosts-of-tsushima,
tag,2230,giants citizen kabuto,giants-citizen-kabuto,
tag,2369,gigasword,gigasword,
tag,1921,gildun,gildun,
tag,885,gimblax,gimblax,
tag,886,GIMP,gimp,
tag,1779,gin-soaked nightclubs,gin-soaked-nightclubs,
tag,1916,giovanni,giovanni,
tag,218,girls screaming,girls-screaming,
tag,216,girls screaming at readers,girls-screaming-at-readers,
tag,220,girls screaming from the house across the street,girls-screaming-from-the-house-across-the-street,
tag,180,girls screaming in british,girls-screaming-in-british,
tag,177,girls screaming in chinese,girls-screaming-in-chinese,
tag,1818,girls screaming in clockwork,girls-screaming-in-clockwork,
tag,208,girls screaming in existential dread,girls-screaming-in-existential-dread,
tag,222,girls screaming in fear,girls-screaming-in-fear,
tag,2295,girls screaming in french,girls-screaming-in-french,
tag,245,girls screaming in latin,girls-screaming-in-latin,
tag,194,girls screaming in techno,girls-screaming-in-techno,
tag,207,girls screaming in vector graphics,girls-screaming-in-vector-graphics,
tag,212,girls screaming into the wind,girls-screaming-into-the-wind,
tag,189,girls screaming on twitter,girls-screaming-on-twitter,
tag,407,github,github,
tag,887,giving tree,giving-tree,
tag,888,gleek,gleek,
tag,2132,gloomholdin',gloomholdin,
tag,889,glowy,glowy,
tag,2048,gnomengarde,gnomengarde,
tag,2050,gnomes,gnomes,
tag,2362,goats of lamentation,goats-of-lamentation,
tag,890,gobbler king,gobbler-king,
tag,2102,goblin,goblin,
tag,2033,goblin camp,goblin-camp,
tag,2372,god save birmingham,god-save-birmingham,
tag,1969,godot,godot,
tag,264,gold box,gold-box,
tag,891,golemizer,golemizer,
tag,2211,goodman games,goodman-games,
tag,368,google jail,google-jail,
tag,1673,Google Play store,google-play-store,
tag,157,google reader,google-reader,
tag,370,google trends,google-trends,
tag,892,Google+,google,
tag,2436,gormenghast,gormenghast,
tag,893,gorowyn,gorowyn,
tag,1651,GPT-3,gpt-3,
tag,894,grand theft altdorf,grand-theft-altdorf,
tag,895,grandmaster,grandmaster,
tag,896,gre'thor,grethor,
tag,897,great divide,great-divide,
tag,898,great spyre,great-spyre,
tag,2288,greedo shot first,greedo-shot-first,
tag,197,green lantern,green-lantern,
tag,899,grizz,grizz,
tag,900,grizzle,grizzle,
tag,901,grizzleheim,grizzleheim,
tag,902,grox,grox,
tag,903,grubb,grubb,
tag,2020,gruumsh,gruumsh,
tag,61,gti,gti,
tag,1491,gti racer,gti-racer,
tag,904,gu47,gu47,
tag,905,gu48,gu48,
tag,906,gu49,gu49,
tag,907,GU5,gu5,
tag,908,gu50,gu50,
tag,909,gu51,gu51,
tag,1849,guardians of the galaxy,guardians-of-the-galaxy,
tag,910,guild,guild,
tag,911,guild hall,guild-hall,
tag,912,guild halls,guild-halls,
tag,363,guild wars 2,guild-wars-2,
tag,914,guitar hero,guitar-hero,
tag,915,guitar hero 4,guitar-hero-4,
tag,916,guitar hero on tour,guitar-hero-on-tour,
tag,917,guitar hero world tour,guitar-hero-world-tour,
tag,1908,gun gale online,gun-gale-online,
tag,2108,hack and slash,hack-and-slash,
tag,918,hack the world,hack-the-world,
tag,919,hakeev,hakeev,
tag,2021,half-orc,half-orc,
tag,2073,halfling,halfling,
tag,920,hall of fate,hall-of-fate,
tag,921,halloween,halloween,
tag,922,hametsu village,hametsu-village,
tag,1760,Hamlet,hamlet,
tag,923,hand of the maestro,hand-of-the-maestro,
tag,393,hangin with dr z,hangin-with-dr-z,
tag,392,hangin&#039; with dr,hangin-with-dr,
tag,924,hardcore,hardcore,
tag,2390,harkonnen,harkonnen,
tag,1888,harley quinn,harley-quinn,
tag,925,harry potter,harry-potter,
tag,926,hartford,hartford,
tag,927,harvest festival,harvest-festival,
tag,928,harvest hannah,harvest-hannah,
tag,2090,hash,hash,
tag,2066,haskell,haskell,
tag,929,hawksmouth,hawksmouth,
tag,1629,hdmi,hdmi,
tag,272,heart of crown,heart-of-crown,
tag,1490,hearth and home,hearth-and-home,
tag,1928,heavensward,heavensward,
tag,195,heavy rain,heavy-rain,
tag,930,hell,hell,
tag,931,hellgate london,hellgate-london,
tag,932,hello kitty online,hello-kitty-online,
tag,2404,hercules,hercules,
tag,2412,herdling,herdling,
tag,5,Hero Forge,hero-forge,
tag,933,hero's journey,heros-journey,
tag,934,heroengine,heroengine,
tag,2377,heroes of mount dragon,heroes-of-mount-dragon,
tag,2104,HeroQuest,heroquest,
tag,1646,hex grid,hex-grid,
tag,1707,Hidden obects,hidden-obects,
tag,935,high elf,high-elf,
tag,936,high house,high-house,
tag,937,hikaru no go,hikaru-no-go,
tag,938,hillary,hillary,
tag,939,hireling,hireling,
tag,940,hirelings,hirelings,
tag,941,historian,historian,
tag,2376,hoard's llc,hoards-llc,
tag,942,hobbesian cleric,hobbesian-cleric,
tag,943,hobbit,hobbit,
tag,944,hobbits,hobbits,
tag,2334,hokusai,hokusai,
tag,945,hologram,hologram,
tag,946,home,home,
tag,2105,homecoming,homecoming,
tag,2113,Hons VR,hons-vr,
tag,1597,horizon,horizon,
tag,1598,horizon forbidden west,horizon-forbidden-west,
tag,1599,horizon zero dawn,horizon-zero-dawn,
tag,947,horses,horses,
tag,948,horta,horta,
tag,949,hot zones,hot-zones,
tag,950,house jolasco,house-jolasco,
tag,364,house of legends,house-of-legends,
tag,951,house of the day,house-of-the-day,
tag,952,house rune,house-rune,
tag,953,house shroud,house-shroud,
tag,2206,houseflies,houseflies,
tag,954,housing,housing,
tag,1710,housing beta,housing-beta,
tag,2015,how I met your mother,how-i-met-your-mother,
tag,955,howard marks,howard-marks,
tag,956,hsc labs,hsc-labs,
tag,2331,HueForge,hueforge,
tag,2307,humanity,humanity,
tag,958,hunter,hunter,
tag,211,hurricane isaias,hurricane-isaias,
tag,2263,Hybrid Heaven,hybrid-heaven,
tag,959,hyde park,hyde-park,
tag,960,hylasa,hylasa,
tag,961,I bet you're faking,i-bet-youre-faking,
tag,24,I&#039;m making a note here &quot;huge success&quot;,im-making-a-note-here-huge-success,
tag,962,iain m. banks,iain-m-banks,
tag,963,ian anderson,ian-anderson,
tag,2249,icespire peak,icespire-peak,
tag,964,icewind,icewind,
tag,965,iCollector,icollector,
tag,966,iconian,iconian,
tag,1628,idle champions,idle-champions,
tag,115,ikoria,ikoria,
tag,1846,image editing,image-editing,
tag,2165,imgburn,imgburn,
tag,296,immortal fenyx rising,immortal-fenyx-rising,
tag,10,imperial japanese navy,imperial-japanese-navy,
tag,2252,in too deep,in-too-deep,
tag,1666,indie comic-like panels,indie-comic-like-panels,
tag,967,inquisitor,inquisitor,
tag,2173,intellivision,intellivision,
tag,968,interior decoration,interior-decoration,
tag,403,internet,internet,
tag,2319,into the breach,into-the-breach,
tag,969,iPhone,iphone,
tag,970,irestone inlet,irestone-inlet,
tag,2120,iridion 3d,iridion-3d,
tag,1512,iron gate,iron-gate,
tag,971,ironbreaker,ironbreaker,
tag,972,ironworks,ironworks,
tag,255,island avalon,island-avalon,
tag,2215,island of kesmai,island-of-kesmai,
tag,973,isle of dawn,isle-of-dawn,
tag,974,isle of mara,isle-of-mara,
tag,975,issue 11,issue-11,
tag,976,issue 13,issue-13,
tag,977,issue 14,issue-14,
tag,978,item shop,item-shop,
tag,26,j.k.simmons,j-k-simmons,
tag,1551,j4nw,j4nw,
tag,1567,jack black,jack-black,
tag,979,jack hallows,jack-hallows,
tag,980,jade oni,jade-oni,
tag,2395,jagged shoals,jagged-shoals,
tag,981,jason castro,jason-castro,
tag,1860,java,java,
tag,1960,javascript,javascript,
tag,1959,javasript,javasript,
tag,116,jaws of the lion,jaws-of-the-lion,
tag,982,jedi,jedi,
tag,983,jem'hadar,jemhadar,
tag,2098,jenga,jenga,
tag,984,jethro tull,jethro-tull,
tag,985,jewelcraft,jewelcraft,
tag,986,jiani plains,jiani-plains,
tag,1560,jimi hendrix,jimi-hendrix,
tag,987,john scalzi,john-scalzi,
tag,2305,john wick,john-wick,
tag,136,jonathan livingston seagull,jonathan-livingston-seagull,
tag,988,joss whedon,joss-whedon,
tag,2411,journey,journey,
tag,37,jrpg,jrpg,
tag,2297,julia,julia,
tag,989,jurassic park,jurassic-park,
tag,2018,jurassic world the legacy of isla nublar,jurassic-world-the-legacy-of-isla-nublar,
tag,2371,just shapes and beats,just-shapes-and-beats,
tag,2254,justice league heroes,justice-league-heroes,
tag,1864,jvm,jvm,
tag,990,kahless,kahless,
tag,1557,kaiju kingz,kaiju-kingz,
tag,173,kalimba,kalimba,
tag,256,kastolatian sea,kastolatian-sea,
tag,991,katzenstein's lab,katzensteins-lab,
tag,992,keeper of souls,keeper-of-souls,
tag,1793,Kefka,kefka,
tag,44,kelethin,kelethin,
tag,1800,kemco,kemco,
tag,2344,ken st,ken-st,
tag,2345,ken st andre,ken-st-andre,
tag,993,kensington court,kensington-court,
tag,2103,kickstarter,kickstarter,
tag,994,kid,kid,
tag,1759,King Louis XVI,king-louis-xvi,
tag,112,kingdom death,kingdom-death-2,
tag,111,kingdom death:,kingdom-death,
tag,241,kingdoms of amalur: reckoning,kingdoms-of-amalur-reckoning,
tag,995,kingdoms of camelot,kingdoms-of-camelot,
tag,996,kingsisle,kingsisle,
tag,997,kipling,kipling,
tag,1964,kittery,kittery,
tag,998,klingon,klingon,
tag,999,kneed before greed,kneed-before-greed,
tag,2052,knight of lodis,knight-of-lodis,
tag,1000,knight's court,knights-court,
tag,1001,known space,known-space,
tag,1002,kobold,kobold,
tag,1003,kristy lee cook,kristy-lee-cook,
tag,1004,krokosphinx,krokosphinx,
tag,1005,krokosphinx island,krokosphinx-island,
tag,1006,krokotopia,krokotopia,
tag,1007,krontar,krontar,
tag,1008,kudos,kudos,
tag,1009,kudos 2,kudos-2,
tag,1010,kunark,kunark,
tag,1568,kung fu panda,kung-fu-panda,
tag,84,kurn&#039;s tower,kurns-tower,
tag,1011,lady vox,lady-vox,
tag,2040,lae'zal,laezal,
tag,2062,lagrange,lagrange,
tag,2426,landsraad,landsraad,
tag,2089,laser,laser,
tag,2269,last call bbs,last-call-bbs,
tag,1012,last.fm,lastfm,
tag,1918,latias,latias,
tag,1747,Laura Shigihara,laura-shigihara,
tag,2091,lava,lava,
tag,1013,lavaspinner's lair,lavaspinners-lair,
tag,1014,lavastorm,lavastorm,
tag,1015,lbp,lbp,
tag,1016,ldon,ldon,
tag,1773,leap day,leap-day,
tag,1772,leap year,leap-year,
tag,1017,leeta,leeta,
tag,1687,left mouse button to attack,left-mouse-button-to-attack,
tag,1982,legacy,legacy,
tag,1952,legend of zelda,legend-of-zelda,
tag,2214,legends of kesmai,legends-of-kesmai,
tag,1018,legends of norrath,legends-of-norrath,
tag,1516,legion of doom,legion-of-doom,
tag,2099,lego,lego,
tag,1020,leipzig,leipzig,
tag,50,lemons,lemons,
tag,2045,les edwards,les-edwards,
tag,2014,lessons learned,lessons-learned,
tag,2243,Lick Observatory,lick-observatory,
tag,2160,life is feudal,life-is-feudal,
tag,1021,life school,life-school,
tag,2420,light pen,light-pen,
tag,1696,light-hearted tone,light-hearted-tone,
tag,2101,lightailing,lightailing,
tag,1470,lightsail,lightsail,
tag,2402,lillput workshop,lillput-workshop,
tag,415,limited run,limited-run,
tag,1755,Link,link,
tag,1022,linkedin,linkedin,
tag,1995,linus tech tips,linus-tech-tips,
tag,1023,lirpa,lirpa,
tag,310,little orbit,little-orbit,
tag,1954,live a live,live-a-live,
tag,2258,livestream 2,livestream-2,
tag,1785,Locke,locke,
tag,1025,locomotive breath,locomotive-breath,
tag,1026,longasc,longasc,
tag,1027,loping plains,loping-plains,
tag,1028,lord nagafen,lord-nagafen,
tag,1029,lord nightshade,lord-nightshade,
tag,101,Lord of the Rings,lord-of-the-rings,
tag,258,lords of everquest,lords-of-everquest,
tag,1494,lords of waterdeep,lords-of-waterdeep,
tag,1616,loretta,loretta,
tag,2374,lost eidolons,lost-eidolons,
tag,2442,lost worlds,lost-worlds,
tag,238,love in a time of corona,love-in-a-time-of-corona,
tag,1030,lovecraft,lovecraft,
tag,237,loveinatimeofcorona,loveinatimeofcorona,
tag,1997,ltt,ltt,
tag,1861,lua,lua,
tag,1553,lucasarts,lucasarts,
tag,1031,lucky train,lucky-train,
tag,1547,ludomotion,ludomotion,
tag,1032,lysistra,lysistra,
tag,405,m,m,
tag,95,macintosh,macintosh,
tag,1033,mad catz,mad-catz,
tag,1705,Madame Miracle,madame-miracle,
tag,1034,madame scurry,madame-scurry,
tag,119,maghex,maghex,
tag,1826,magic bag,magic-bag,
tag,1824,magic link,magic-link,
tag,113,magic the gathering,magic-the-gathering,
tag,1703,Magical powers,magical-powers,
tag,213,mahjong,mahjong,
tag,1774,mahokenshi,mahokenshi,
tag,2419,mail plane,mail-plane,
tag,1963,maine,maine,
tag,2416,major tom,major-tom,
tag,1613,malenia,malenia,
tag,2122,malifaux,malifaux,
tag,1035,malingering,malingering,
tag,1036,malistaire,malistaire,
tag,1767,mall,mall,
tag,2401,mandolin,mandolin,
tag,76,mangler,mangler,
tag,1037,manta ray,manta-ray,
tag,2241,marina,marina,
tag,406,markdown,markdown,
tag,1038,marketing,marketing,
tag,1039,marketplace,marketplace,
tag,1040,marleybone,marleybone,
tag,1632,mars,mars,
tag,165,martin mull,martin-mull,
tag,1672,Mashigene Games,mashigene-games,
tag,2017,massivelyop,massivelyop,
tag,1041,master tower,master-tower,
tag,1763,mastodon,mastodon,
tag,1042,math,math,
tag,1043,matrix,matrix,
tag,1044,matrix online,matrix-online,
tag,1045,matter,matter,
tag,2430,maxine,maxine,
tag,1046,mayong,mayong,
tag,2076,maze,maze,
tag,1486,Megatokyo,megatokyo,
tag,2266,mei feng,mei-feng,
tag,2418,melody master,melody-master,
tag,1873,memoization,memoization,
tag,1047,meowiarty,meowiarty,
tag,1048,mercenaries,mercenaries,
tag,1049,mercenary,mercenary,
tag,1050,merch,merch,
tag,2438,mervyn peake,mervyn-peake,
tag,1595,messiah,messiah,
tag,1541,metamask,metamask,
tag,1051,meteor games,meteor-games,
tag,1715,metroidvania,metroidvania,
tag,1972,mew,mew,
tag,1973,mewtwo,mewtwo,
tag,1052,michael johns,michael-johns,
tag,221,microsoft flight simulator,microsoft-flight-simulator,
tag,1730,Midjourney,midjourney,
tag,1053,mii,mii,
tag,1614,millicent,millicent,
tag,2049,mimic,mimic,
tag,1054,mines,mines,
tag,120,mini healer,mini-healer,
tag,383,mini rogue,mini-rogue,
tag,1055,minotaurs,minotaurs,
tag,1056,miragul's phylactery,miraguls-phylactery,
tag,1057,mirra's sleepless nights,mirras-sleepless-nights,
tag,2086,mirrors,mirrors,
tag,1573,misplaced goods,misplaced-goods,
tag,1572,missing goods,missing-goods,
tag,1058,Missing Mask,missing-mask,
tag,2182,mistlands,mistlands,
tag,1059,mistmoore,mistmoore,
tag,1060,mithraya,mithraya,
tag,1061,mmo challenge,mmo-challenge,
tag,1062,mmorpg,mmorpg,
tag,124,mobile game,mobile-game,
tag,1794,Mobliz,mobliz,
tag,2335,modern art,modern-art,
tag,1510,mods,mods,
tag,1063,monk,monk,
tag,1875,monkey,monkey,
tag,164,monopoly,monopoly,
tag,2355,monster hunter wilds,monster-hunter-wilds,
tag,2354,monster hunter world,monster-hunter-world,
tag,1064,monster missions,monster-missions,
tag,1065,monterey,monterey,
tag,1066,moo shu,moo-shu,
tag,1067,moo shu; big ben; meowiarty; tree of life; jade oni; de,moo-shu-big-ben-meowiarty-tree-of-life-jade-oni-death-oni,
tag,1068,moors of ykesha,moors-of-ykesha,
tag,1069,mooshu,mooshu,
tag,1070,more WAR,more-war,
tag,1071,moria,moria,
tag,2311,moss,moss,
tag,1072,mount week,mount-week,
tag,1073,mounts,mounts,
tag,2147,mr. bean,mr-bean,
tag,1074,ms. narusegawa,ms-narusegawa,
tag,1563,mulan,mulan,
tag,1075,multicore,multicore,
tag,2284,muppets,muppets,
tag,1076,mur lafferty,mur-lafferty,
tag,1077,murlocs,murlocs,
tag,1078,mxo,mxo,
tag,1079,My Brute,my-brute,
tag,1080,my empire,my-empire-2,
tag,1081,my name is bruce,my-name-is-bruce,
tag,1082,my sharona,my-sharona,
tag,2164,mystery dungeon,mystery-dungeon,
tag,2152,mystery under magi-mart,mystery-under-magi-mart,
tag,1083,mystic lake,mystic-lake,
tag,1084,myth,myth,
tag,1086,mythos beta,mythos-beta,
tag,1087,mythos camera,mythos-camera,
tag,1088,mythos overworld,mythos-overworld,
tag,1089,nagafen,nagafen,
tag,1090,najena,najena,
tag,1091,namco,namco,
tag,1092,name the turtles,name-the-turtles,
tag,28,narbacular drop,narbacular-drop,
tag,1093,nashuya,nashuya,
tag,1094,ncsoft,ncsoft,
tag,1095,necropolis,necropolis,
tag,51,necropost,necropost,
tag,1096,neil patrick harris,neil-patrick-harris,
tag,2367,Nekomancer,nekomancer,
tag,349,nes,nes,
tag,2228,nethack,nethack,
tag,40,neverwinter online,neverwinter-online,
tag,2349,new crew,new-crew,
tag,1962,new hampshire,new-hampshire,
tag,1097,new haven,new-haven,
tag,1098,new shiny,new-shiny,
tag,1099,new xbox experience,new-xbox-experience,
tag,1100,newbie island,newbie-island,
tag,1101,newfallen,newfallen,
tag,1852,news,news,
tag,1102,nexona,nexona,
tag,1103,next island,next-island,
tag,2238,nexus the kingdom of the winds,nexus-the-kingdom-of-the-winds,
tag,2239,nexustk,nexustk,
tag,1556,nft,nft,
tag,1104,nightfall,nightfall,
tag,2313,Nightingale,nightingale,
tag,1737,nine lives chronicles,nine-lives-chronicles,
tag,1105,ninja pig,ninja-pig,
tag,1106,nintendo,nintendo,
tag,57,nintendo 64,nintendo-64,
tag,1107,nintendo ds,nintendo-ds,
tag,1108,no really,no-really,
tag,223,nobody scream and nobody gets hurt,nobody-scream-and-nobody-gets-hurt,
tag,1109,nocturnal wrath,nocturnal-wrath,
tag,278,non-fungible token,non-fungible-token,
tag,301,nonary games,nonary-games,
tag,1110,norrathian home show,norrathian-home-show,
tag,1111,north downs,north-downs,
tag,1112,nostalgia,nostalgia,
tag,1113,not funny,not-funny,
tag,1114,not furries dammit,not-furries-dammit,
tag,2443,nova game designs,nova-game-designs,
tag,1115,nxe,nxe,
tag,387,nyctophobia,nyctophobia,
tag,2072,oasis of marr,oasis-of-marr,
tag,1116,obex,obex,
tag,1117,obisek,obisek,
tag,2251,obs,obs,
tag,2080,observatory,observatory,
tag,1118,oceangreen hills,oceangreen-hills,
tag,1119,oceangreen village,oceangreen-village,
tag,1120,october patch,october-patch,
tag,104,octomini project,octomini-project,
tag,2,Octopath Traveler,octopath-traveler,
tag,2440,Octopath Traveler 0,octopath-traveler-0,
tag,2286,odin sphere,odin-sphere,
tag,1121,odus,odus,
tag,1122,of bajor,of-bajor,
tag,1123,office heroes,office-heroes,
tag,2026,ogerpon,ogerpon,
tag,252,ogre battle,ogre-battle,
tag,96,olberic,olberic,
tag,1124,old frostbeard,old-frostbeard,
tag,27,old man murray,old-man-murray,
tag,1125,old man's war,old-mans-war,
tag,1126,old sebilis,old-sebilis,
tag,2150,one hit heroes,one-hit-heroes,
tag,1648,one the game,one-the-game,
tag,1127,open beta,open-beta,
tag,1650,OpenAI,openai,
tag,1607,opensea,opensea,
tag,1128,ophiga,ophiga,
tag,1129,oracle,oracle,
tag,1130,orc,orc,
tag,2184,origins 2024,origins-2024,
tag,2185,origins game fair,origins-game-fair,
tag,1131,orin grimcaster,orin-grimcaster,
tag,185,othello,othello,
tag,1132,out in the cold,out-in-the-cold,
tag,299,outer wilds,outer-wilds,
tag,2287,outlaws,outlaws,
tag,1133,outspark,outspark,
tag,1134,oyotomi,oyotomi,
tag,2333,p1s,p1s,
tag,2381,pack rat gaming,pack-rat-gaming,
tag,2387,packrat gaming,packrat-gaming,
tag,1135,palace of fire,palace-of-fire,
tag,365,palia,palia,
tag,1534,palm,palm,
tag,1136,paludal caverns,paludal-caverns,
tag,2124,palworld,palworld,
tag,2400,pandemic,pandemic,
tag,1771,pandering,pandering,
tag,1137,panic at the disco,panic-at-the-disco,
tag,1138,panorama,panorama,
tag,1139,panspermia,panspermia,
tag,70,pantheon: rise of the fallen,pantheon-rise-of-the-fallen,
tag,414,panzer dragoon,panzer-dragoon,
tag,2324,Paper Apps Dungeon,paper-apps-dungeon,
tag,2262,Paper Mario,paper-mario,
tag,1140,paragon city,paragon-city,
tag,1141,parallel kingdoms,parallel-kingdoms,
tag,94,parallels,parallels,
tag,2006,parappa the rapper,parappa-the-rapper,
tag,2302,parappa the rapper 2,parappa-the-rapper-2,
tag,1142,parliament,parliament,
tag,2205,partial pressure,partial-pressure,
tag,1143,patch,patch,
tag,1144,patch notes,patch-notes,
tag,2365,Pax East,pax-east,
tag,327,pc,pc,
tag,65,pcsx2,pcsx2,
tag,43,pcsx2 emulator,pcsx2-emulator,
tag,1145,penny arcade,penny-arcade,
tag,2431,penultimatum,penultimatum,
tag,2385,perdita,perdita,
tag,2264,Perfect Dark,perfect-dark,
tag,2409,performer,performer,
tag,167,perler,perler,
tag,1643,person of lordly caliber,person-of-lordly-caliber,
tag,306,persona,persona,
tag,291,persona 4 golden,persona-4-golden,
tag,35,persona 5,persona-5,
tag,36,persona 5 royal,persona-5-royal,
tag,1475,persona 5 strikers,persona-5-strikers,
tag,2035,personal quest,personal-quest,
tag,1146,pet olympics,pet-olympics,
tag,1823,petalica paint,petalica-paint,
tag,240,peugeot,peugeot,
tag,1831,pew pew,pew-pew,
tag,2031,phandalin,phandalin,
tag,2032,phandelver,phandelver,
tag,1970,phaser,phaser,
tag,1958,phaser game engine,phaser-game-engine,
tag,134,philip k. dick,philip-k-dick,
tag,1634,phobos,phobos,
tag,1147,phoenix tower,phoenix-tower,
tag,1926,pi,pi,
tag,2408,pi 5,pi-5,
tag,1148,pi story,pi-story,
tag,1149,picasa,picasa,
tag,1850,pico-8,pico-8,
tag,1863,pico8,pico8,
tag,1845,PicsArt,picsart,
tag,1150,pierson's puppeteer,piersons-puppeteer,
tag,2232,pikachu,pikachu,
tag,2136,pinball,pinball,
tag,2329,pink floyd,pink-floyd,
tag,2075,pipes,pipes,
tag,1151,pirate galaxy,pirate-galaxy,
tag,1152,pirates,pirates,
tag,2085,pit trap,pit-trap,
tag,1153,placid plains,placid-plains,
tag,1154,plague oni,plague-oni,
tag,1155,plain white t's,plain-white-ts,
tag,1156,plane of disease,plane-of-disease,
tag,1157,plane of earth,plane-of-earth,
tag,1158,plane of fire,plane-of-fire,
tag,1159,plane of hate,plane-of-hate,
tag,1160,plane of justice,plane-of-justice,
tag,1161,plane of sky,plane-of-sky,
tag,1162,plane of storms,plane-of-storms,
tag,1163,plane of time,plane-of-time,
tag,1164,plane of water,plane-of-water,
tag,2151,plane teleporter operator simulator,plane-teleporter-operator-simulator,
tag,1165,planes of power,planes-of-power,
tag,2326,planet hexx,planet-hexx,
tag,1872,planet of the corvids,planet-of-the-corvids,
tag,2306,plastic ducks,plastic-ducks,
tag,199,platformer,platformer,
tag,311,playdek,playdek,
tag,1166,playdom,playdom,
tag,1167,player housing,player-housing,
tag,1476,playing cats,playing-cats,
tag,1168,playing for keeps,playing-for-keeps,
tag,287,playstation,playstation,
tag,1169,playstation 2,playstation-2,
tag,1170,playstation 3,playstation-3,
tag,1821,playstation plus,playstation-plus,
tag,47,playthrough,playthrough,
tag,1171,plugin,plugin,
tag,1527,plushie,plushie,
tag,2424,pocket rpg,pocket-rpg,
tag,1661,point and click,point-and-click,
tag,1668,point and click adventure game,point-and-click-adventure-game,
tag,2078,point in polygon,point-in-polygon,
tag,1889,poison ivy,poison-ivy,
tag,1914,poke genie,poke-genie,
tag,1172,pokemon,pokemon,
tag,1946,pokemon arceus,pokemon-arceus,
tag,2013,pokemon brilliant diamond,pokemon-brilliant-diamond,
tag,1911,pokemon go,pokemon-go,
tag,2434,pokemon legends z-a,pokemon-legends-z-a,
tag,1912,pokemon shield,pokemon-shield,
tag,2357,pokemon tcg pocket,pokemon-tcg-pocket,
tag,1971,pokemon violet,pokemon-violet,
tag,1508,poland,poland,
tag,2336,pollock,pollock,
tag,1173,polymorph,polymorph,
tag,203,pong,pong,
tag,2312,poop,poop,
tag,2314,popup dungeon,popup-dungeon,
tag,21,portal,portal,
tag,22,portal 2,portal-2,
tag,1961,portsmouth,portsmouth,
tag,1174,positech,positech,
tag,1698,post-apocalyptic,post-apocalyptic,
tag,1175,povray,povray,
tag,2012,powermonger,powermonger,
tag,1931,praetorium,praetorium,
tag,1176,preservers,preservers,
tag,97,primrose,primrose,
tag,1753,Princess Toadstool,princess-toadstool,
tag,1177,prismatic basilisk,prismatic-basilisk,
tag,1178,progenitors,progenitors,
tag,322,programming,programming,
tag,1179,progressquest,progressquest,
tag,247,project copernicus,project-copernicus,
tag,1998,project farm,project-farm,
tag,1180,project powder,project-powder,
tag,66,project1999,project1999,
tag,58,project64,project64,
tag,2195,prometheus,prometheus,
tag,1181,protector's realm,protectors-realm,
tag,281,prusa,prusa,
tag,282,prusa i3 mk3s,prusa-i3-mk3s,
tag,42,ps2,ps2,
tag,1182,ps3,ps3,
tag,1611,ps5,ps5,
tag,2112,PSVR2,psvr2,
tag,191,psx,psx,
tag,1183,ptolemos,ptolemos,
tag,1184,public quests,public-quests,
tag,1185,puppeteers,puppeteers,
tag,1854,puppy,puppy,
tag,1186,puyo puyo 7,puyo-puyo-7,
tag,323,puzzle,puzzle,
tag,1706,Puzzles,puzzles,
tag,1187,pvp,pvp,
tag,2097,pygame,pygame,
tag,1188,pyramid of the sun,pyramid-of-the-sun,
tag,369,python,python,
tag,371,pytrends,pytrends,
tag,1189,Q,q,
tag,1190,qrcode,qrcode,
tag,1191,quarterstone,quarterstone,
tag,1192,queen umbra,queen-umbra,
tag,2448,quest 64,quest-64,
tag,2172,quest for the spirit blade,quest-for-the-spirit-blade,
tag,312,quick take,quick-take,
tag,1193,ra,ra,
tag,1194,racing,racing,
tag,1195,Rackam's Trial,rackams-trial,
tag,1986,radiant silvergun,radiant-silvergun,
tag,122,raid shadow legends,raid-shadow-legends,
tag,1196,raiding,raiding,
tag,397,rainbow 6,rainbow-6,
tag,1197,rainbow's end,rainbows-end,
tag,1198,ramiele mercado,ramiele-mercado,
tag,1199,ranger,ranger,
tag,1200,ranger epic,ranger-epic,
tag,2016,ranting,ranting,
tag,2406,raspberry pi,raspberry-pi,
tag,2407,raspbian,raspbian,
tag,2325,rasputina,rasputina,
tag,1917,rayquaza,rayquaza,
tag,1201,reader,reader,
tag,2010,reaper,reaper,
tag,2346,rebellion,rebellion,
tag,2177,rebelstar,rebelstar,
tag,1202,rebirth,rebirth,
tag,1203,recap,recap,
tag,1204,recette,recette,
tag,1205,recettear,recettear-2,
tag,1581,record player,record-player,
tag,1871,red bellied woodpecker,red-bellied-woodpecker,
tag,178,red dead redemption,red-dead-redemption,
tag,1206,regent's square,regents-square,
tag,1919,registeel,registeel,
tag,2088,reindeer,reindeer,
tag,1207,reman,reman,
tag,2036,retribution,retribution,
tag,2007,retro world expo,retro-world-expo,
tag,1624,retroarch,retroarch,
tag,2135,retrogames,retrogames,
tag,1640,retrotink,retrotink,
tag,1208,Return of the Light,return-of-the-light,
tag,1209,reversi,reversi,
tag,1210,review,review,
tag,135,richard bach,richard-bach,
tag,2244,ring gone,ring-gone,
tag,337,rise eterna,rise-eterna,
tag,125,rise of the tomb raider,rise-of-the-tomb-raider,
tag,2001,river raid,river-raid,
tag,1211,rmt,rmt,
tag,1212,robert charles wilson,robert-charles-wilson,
tag,1778,robots,robots,
tag,1213,rock band,rock-band,
tag,1214,rock band 2,rock-band-2,
tag,1215,rock band live,rock-band-live,
tag,1862,rock paper scissors,rock-paper-scissors,
tag,1216,rocket sled,rocket-sled,
tag,268,rogue,rogue,
tag,1217,rogue isle,rogue-isle,
tag,1218,rogue-like,rogue-like,
tag,74,roguelike,roguelike,
tag,328,roll player,roll-player,
tag,34,roman numeral number III,roman-numeral-number-iii,
tag,1219,romulan,romulan,
tag,1220,roost,roost,
tag,1575,roots,roots,
tag,400,router,router,
tag,1221,royal halls,royal-halls,
tag,121,rpg,rpg,
tag,259,rts,rts,
tag,2456,rubik's cube,rubiks-cube,
tag,1222,rumblecrush,rumblecrush,
tag,78,run silent run deep,run-silent-run-deep,
tag,1223,runepriest,runepriest,
tag,1224,runes of magic,runes-of-magic,
tag,373,runescape,runescape,
tag,1225,runnyeye,runnyeye,
tag,2298,rust,rust,
tag,1636,s-video,s-video,
tag,2310,sable,sable,
tag,1226,sacilla steppes,sacilla-steppes,
tag,398,sacrifire,sacrifire,
tag,1722,sage,sage,
tag,2368,sage stones,sage-stones,
tag,1720,sages,sages,
tag,2011,sailor moon,sailor-moon,
tag,1600,Salt and Sanctuary,salt-and-sanctuary,
tag,226,sam porter bridges,sam-porter-bridges,
tag,1227,same old same old,same-old-same-old,
tag,2118,sandbox,sandbox,
tag,2380,sandfall interactive,sandfall-interactive,
tag,1564,sandman,sandman,
tag,1228,sandra bullock,sandra-bullock,
tag,2149,sandworm,sandworm,
tag,1229,sandworms,sandworms,
tag,1230,sanrio,sanrio,
tag,1965,sarah mildred long,sarah-mildred-long,
tag,2292,savage,savage,
tag,231,save the fish,save-the-fish,
tag,2245,saving middle earth,saving-middle-earth,
tag,2270,say hello to my little friend,say-hello-to-my-little-friend,
tag,1231,scam,scam,
tag,336,scarlet nexus,scarlet-nexus,
tag,1232,schlock mercenary,schlock-mercenary,
tag,1233,scimitar,scimitar,
tag,1659,scott pilgri,scott-pilgri,
tag,1660,scott pilgrim,scott-pilgrim,
tag,1765,scrabble,scrabble,
tag,2175,sea monkeys,sea-monkeys,
tag,2455,seafarer,seafarer,
tag,1234,searing heights,searing-heights,
tag,1235,season 3,season-3,
tag,2429,season pass,season-pass,
tag,2167,seasoned adventurer,seasoned-adventurer,
tag,1236,sebilis,sebilis,
tag,2373,section 13,section-13,
tag,1766,security guards,security-guards,
tag,1237,seeds of destruction,seeds-of-destruction,
tag,1238,selena gomez,selena-gomez,
tag,1239,sentient armor,sentient-armor,
tag,1240,sentinels of stormreach,sentinels-of-stormreach,
tag,1241,server,server,
tag,1717,seven sages,seven-sages,
tag,1242,sf,sf,
tag,1243,shadow armor,shadow-armor,
tag,355,shadowbane,shadowbane,
tag,1930,shadowbringer,shadowbringer,
tag,2155,shadowgate,shadowgate,
tag,2039,shadowheart,shadowheart,
tag,388,shadowverse,shadowverse,
tag,389,shadowverse champion&#039;s battle,shadowverse-champions-battle,
tag,1761,Shakespeare,shakespeare,
tag,1244,shan to kor,shan-to-kor,
tag,1245,shapeshifter,shapeshifter,
tag,98,Shapeways,shapeways,
tag,1246,shard of hate,shard-of-hate,
tag,1247,shardship,shardship,
tag,1248,sharks,sharks,
tag,1561,she hulk,she-hulk,
tag,1545,shiba inu,shiba-inu,
tag,1249,shimkin,shimkin,
tag,1250,shipwreck cove,shipwreck-cove,
tag,1251,shiren the wanderer,shiren-the-wanderer,
tag,1252,shiritakai temple,shiritakai-temple,
tag,2259,shivering steps,shivering-steps,
tag,1692,shooter,shooter,
tag,1253,shuttercal,shuttercal,
tag,2397,shutterstock,shutterstock,
tag,1254,siegfried,siegfried,
tag,2069,sierra,sierra,
tag,1255,sigil,sigil,
tag,1256,signet of betrayal,signet-of-betrayal,
tag,1257,silver chest,silver-chest,
tag,1258,silverwing,silverwing,
tag,2274,Simon Stålenhag,simon-stalenhag,
tag,1683,simple controls,simple-controls,
tag,1259,sims 3,sims-3,
tag,1260,simulation game,simulation-game,
tag,1261,simultronics,simultronics,
tag,1262,sinatra,sinatra,
tag,1263,single player,single-player,
tag,1811,siskel &amp; ebert,siskel-ebert,
tag,2308,sixty four,sixty-four,
tag,1489,skandalf wru,skandalf-wru,
tag,1264,skinshifter,skinshifter,
tag,1265,skirmish,skirmish,
tag,2348,skull quest,skull-quest,
tag,1878,skyrim,skyrim,
tag,2051,skyscale,skyscale,
tag,2320,slay the spire,slay-the-spire,
tag,2303,sly cooper,sly-cooper,
tag,319,small world of warcraft,small-world-of-warcraft,
tag,318,smallworld,smallworld,
tag,1266,smogger,smogger,
tag,20,SNAP,snap,
tag,1841,SnapEdit,snapedit,
tag,254,snes,snes,
tag,1267,snowball,snowball,
tag,1268,snowballs,snowballs,
tag,2255,snowblind studios,snowblind-studios,
tag,1269,snowboarding,snowboarding,
tag,2117,snowrunner,snowrunner,
tag,1270,social game,social-game,
tag,1271,soe,soe,
tag,260,solasta,solasta,
tag,2403,solo,solo,
tag,2342,solo adventure,solo-adventure,
tag,1272,solomon kain,solomon-kain,
tag,1853,song,song,
tag,2428,sonic crossworlds racing,sonic-crossworlds-racing,
tag,2427,sonic the hedgehog,sonic-the-hedgehog,
tag,1273,sony,sony,
tag,1825,sony new technologies,sony-new-technologies,
tag,1274,sootfoot,sootfoot,
tag,1275,sorrowmist,sorrowmist,
tag,2246,sorry not sorry,sorry-not-sorry,
tag,2289,sort,sort,
tag,1602,souls-like,souls-like,
tag,1276,sounds like an excuse,sounds-like-an-excuse,
tag,1277,soundscape,soundscape,
tag,1582,soundtrack,soundtrack,
tag,1957,space invaders,space-invaders,
tag,1278,space paranoids,space-paranoids,
tag,18,SpaceChem,spacechem,
tag,205,spacewar,spacewar,
tag,2037,speak with the dead,speak-with-the-dead,
tag,1279,spear of fire,spear-of-fire,
tag,1280,spellborn,spellborn,
tag,1281,spellborn nav,spellborn-nav,
tag,1819,spiders,spiders,
tag,2417,spike,spike,
tag,1282,spin the wheel,spin-the-wheel,
tag,2139,spinball,spinball,
tag,2171,spirit blade,spirit-blade,
tag,1283,spode,spode,
tag,250,spoilers,spoilers,
tag,1284,spooky bob,spooky-bob,
tag,2083,springs,springs,
tag,1286,sprite guardian,sprite-guardian,
tag,1287,spyware,spyware,
tag,1473,sql,sql,
tag,1530,square-enix,square-enix,
tag,1976,squaredle,squaredle,
tag,1288,st. patrick's day,st-patricks-day,
tag,1805,star ocean,star-ocean,
tag,1289,star trek,star-trek,
tag,1485,Star Trek Axanar,star-trek-axanar,
tag,1290,star trek online,star-trek-online-2,
tag,1830,star trek prodigy,star-trek-prodigy,
tag,1291,star wars,star-wars,
tag,1292,stardock,stardock,
tag,1293,starfleet,starfleet,
tag,2458,starfleet academy,starfleet-academy,
tag,1294,stargrace,stargrace,
tag,1851,starro,starro,
tag,2079,starry starry night,starry-starry-night,
tag,2330,stars reach,stars-reach,
tag,2318,StarVaders,starvaders,
tag,1295,static group,static-group,
tag,1296,station marketplace,station-marketplace,
tag,1576,stats,stats,
tag,200,steam,steam,
tag,1644,steam deck,steam-deck,
tag,2338,steam next fest,steam-next-fest,
tag,1297,steampunk,steampunk,
tag,348,stean,stean,
tag,1298,stillmoon temple,stillmoon-temple,
tag,1299,stolig,stolig,
tag,1300,stonefields,stonefields,
tag,1301,stoneroot falls,stoneroot-falls,
tag,1929,stormblood,stormblood,
tag,1302,stormreach,stormreach,
tag,1303,stout henry,stout-henry,
tag,1304,stout henry gets lost,stout-henry-gets-lost,
tag,1305,stout henry goes to war,stout-henry-goes-to-war,
tag,1306,stout henry live from nodding fields,stout-henry-live-from-nodding-fields,
tag,2275,stranger things,stranger-things,
tag,1751,Stray,stray,
tag,2271,stray gods,stray-gods,
tag,1631,stream,stream,
tag,2056,stress test,stress-test,
tag,2294,studio imugi,studio-imugi,
tag,1308,stw,stw,
tag,77,submarines,submarines,
tag,1309,subscription,subscription,
tag,1981,substack,substack,
tag,2444,summit meeting,summit-meeting,
tag,1310,sunken city,sunken-city,
tag,2414,suno,suno,
tag,394,sunrise market,sunrise-market,
tag,1752,Super Mario,super-mario,
tag,1695,Super Mario World,super-mario-world,
tag,1711,Supergroup bases,supergroup-bases,
tag,2065,superliminal,superliminal,
tag,1311,surah,surah,
tag,1621,survival,survival,
tag,246,sw,sw,
tag,1574,swamp,swamp,
tag,1312,swan lake basin,swan-lake-basin,
tag,1313,swiftwind,swiftwind,
tag,88,switch tax,switch-tax,
tag,2197,sword &amp; sworcery,sword-sworcery,
tag,1909,sword art online,sword-art-online,
tag,2341,sword for hire,sword-for-hire,
tag,1314,sword of kahless,sword-of-kahless,
tag,2119,sword of mana,sword-of-mana,
tag,367,swords of the coin,swords-of-the-coin,
tag,1315,syesha mercado,syesha-mercado,
tag,1618,Symphony of War,symphony-of-war,
tag,1617,Symphony of War: The Nephili,symphony-of-war-the-nephili,
tag,1874,sympy,sympy,
tag,93,t.king,t-king,
tag,175,tactics,tactics,
tag,1848,tactics ogre,tactics-ogre,
tag,1316,tailoring,tailoring,
tag,1317,tal shiar,tal-shiar,
tag,2100,tallneck,tallneck,
tag,1318,tangleroot gorge,tangleroot-gorge,
tag,198,tanglewood,tanglewood,
tag,1319,tanglewood community theater,tanglewood-community-theater,
tag,1320,tanglewood labs,tanglewood-labs,
tag,2219,Tanglewoods,tanglewoods,
tag,2360,tariffs,tariffs,
tag,1321,taskmaster,taskmaster,
tag,1322,tatakai outpost,tatakai-outpost,
tag,1802,tau ceti,tau-ceti,
tag,1590,tdd,tdd,
tag,1323,Team Fortress 2,team-fortress-2,
tag,1915,team go rocket,team-go-rocket,
tag,1324,team spod,team-spod,
tag,7,team spode,team-spode,
tag,1325,tear,tear,
tag,1326,teen choice,teen-choice,
tag,2082,telescope,telescope,
tag,183,tell me of your homeworld usul,tell-me-of-your-homeworld-usul,
tag,1748,Telltale Games,telltale-games,
tag,1327,temple of storm,temple-of-storm,
tag,1328,temple of the ancients,temple-of-the-ancients,
tag,1329,temple of veeshan,temple-of-veeshan,
tag,204,tennis for two,tennis-for-two,
tag,1330,tera online,tera-online,
tag,1783,Terra,terra,
tag,2392,Terraria,terraria,
tag,1589,test driven development,test-driven-development,
tag,1331,test server,test-server,
tag,1869,tetris,tetris,
tag,325,text adventure,text-adventure,
tag,1332,thanksgiving,thanksgiving,
tag,2282,That’ll do,thatll-do,
tag,2281,That’s some pig,thats-some-pig,
tag,129,thatched-roof cottages,thatched-roof-cottages,
tag,1749,The 14 Pages of Sarah Woods,the-14-pages-of-sarah-woods,
tag,1758,The 16th King,the-16th-king,
tag,1333,the amoy tiger,the-amoy-tiger,
tag,2248,the battle standard,the-battle-standard,
tag,1334,the bible online,the-bible-online,
tag,1335,the burning lands,the-burning-lands,
tag,341,the chronicles of spellborn,the-chronicles-of-spellborn,
tag,1336,The Dares,the-dares,
tag,1337,the death of stout henry,the-death-of-stout-henry,
tag,1806,the divine force,the-divine-force,
tag,320,the dragon staff of maladoria,the-dragon-staff-of-maladoria,
tag,1881,the dungeon of dorukan,the-dungeon-of-dorukan,
tag,85,the estate of unrest,the-estate-of-unrest,
tag,1338,the friendly necromancer,the-friendly-necromancer,
tag,2276,the goonies,the-goonies,
tag,1339,the graveyard,the-graveyard,
tag,1340,the harrowing,the-harrowing,
tag,2283,the haven,the-haven,
tag,2024,the hidden treasure of area zero,the-hidden-treasure-of-area-zero,
tag,1341,the icy keep,the-icy-keep,
tag,1342,the ironworks,the-ironworks,
tag,2432,the ivalice chronicles,the-ivalice-chronicles,
tag,1835,the justice society,the-justice-society,
tag,1343,the knack,the-knack,
tag,1344,the labyrinth,the-labyrinth,
tag,2008,the last airbender,the-last-airbender,
tag,1887,the last of us,the-last-of-us,
tag,2250,the last starfighter,the-last-starfighter,
tag,1345,the living earth,the-living-earth,
tag,1346,the lord of the rings,the-lord-of-the-rings,
tag,2025,the loyal three,the-loyal-three,
tag,1347,the map room,the-map-room,
tag,253,the march of the black queen,the-march-of-the-black-queen,
tag,1348,the matrix online,the-matrix-online,
tag,1349,the middleman,the-middleman,
tag,1350,the nether,the-nether,
tag,2163,the nightmare of druaga,the-nightmare-of-druaga,
tag,1880,the order of the stick,the-order-of-the-stick,
tag,2384,the pathless,the-pathless,
tag,1351,the pirate bay,the-pirate-bay,
tag,2351,the plucky squire,the-plucky-squire,
tag,1352,The Quon,the-quon,
tag,386,the red dragon inn,the-red-dragon-inn,
tag,1353,the ride of the valkyrie,the-ride-of-the-valkyrie,
tag,2445,the ring of return,the-ring-of-return,
tag,1354,the ring of the nibelung,the-ring-of-the-nibelung,
tag,1745,The Secret Number 14,the-secret-number-14,
tag,1723,the seven sages,the-seven-sages,
tag,1355,the shadow odyssey,the-shadow-odyssey,
tag,1356,the shire,the-shire,
tag,1701,The Six Cats of Madame Miracle,the-six-cats-of-madame-miracle,
tag,1357,the space between,the-space-between,
tag,1358,the spin,the-spin,
tag,1359,the stolen earth,the-stolen-earth,
tag,2023,the teal mask,the-teal-mask,
tag,2046,the trial,the-trial,
tag,2121,the two towers,the-two-towers,
tag,1360,the unfunny kind of humor,the-unfunny-kind-of-humor,
tag,1361,the vault,the-vault,
tag,2279,the veilguard,the-veilguard,
tag,1362,the void,the-void,
tag,1746,The Walking Dead,the-walking-dead,
tag,2196,the white raven,the-white-raven,
tag,1363,The Wind that Speaks Her Name,the-wind-that-speaks-her-name,
tag,87,the witcher,the-witcher,
tag,1750,The Wolf Among Us,the-wolf-among-us,
tag,1843,TheInPaint,theinpaint,
tag,1364,thief,thief,
tag,150,thingiverse,thingiverse,
tag,1685,third person perspective,third-person-perspective,
tag,23,this is a triumph,this-is-a-triumph,
tag,1365,thomas,thomas,
tag,1645,those who rule,those-who-rule,
tag,1366,thottbot,thottbot,
tag,2220,thracia,thracia,
tag,1367,Three Barrel Cove,three-barrel-cove,
tag,1679,Three Frow,three-frow,
tag,304,three houses,three-houses,
tag,1654,Three Throw,three-throw,
tag,1368,thumupp,thumupp,
tag,2225,thunderjaw,thunderjaw,
tag,1511,thunderstore,thunderstore,
tag,1776,tiddlywinks,tiddlywinks,
tag,1593,tiled,tiled,
tag,1369,time out of joint,time-out-of-joint,
tag,1370,time travel,time-travel,
tag,399,tiny epic dungeons,tiny-epic-dungeons,
tag,382,tiny rogue,tiny-rogue,
tag,1371,tipa,tipa,
tag,2437,titus groan,titus-groan,
tag,81,tlp,tlp,
tag,1480,Tokyo Sidekick,tokyo-sidekick,
tag,1372,tolapumj,tolapumj,
tag,1951,tom eastman,tom-eastman,
tag,1373,tome of knowledge,tome-of-knowledge,
tag,1374,top down,top-down,
tag,1596,TopWar: BattleGame,topwar-battlegame,
tag,2410,tormented,tormented,
tag,2265,tournament,tournament,
tag,1375,tower defense,tower-defense,
tag,1376,tower of frozen shadow,tower-of-frozen-shadow,
tag,402,tp-link,tp-link,
tag,1377,train to zone,train-to-zone,
tag,1378,transcript,transcript,
tag,2394,transmortis,transmortis,
tag,2186,traveller,traveller,
tag,2280,treasure,treasure,
tag,1379,treasure abyss,treasure-abyss-2,
tag,1380,treasure map,treasure-map,
tag,2067,trebuchet,trebuchet,
tag,1615,tree sentinel,tree-sentinel,
tag,1381,trial of execution,trial-of-execution,
tag,128,trogdor the burninator,trogdor-the-burninator,
tag,1382,troll,troll,
tag,2347,trollgod,trollgod,
tag,1383,tron,tron,
tag,1384,troubadour epic,troubadour-epic,
tag,67,truebox server,truebox-server,
tag,2209,ttrpg,ttrpg,
tag,2340,tunnels &amp; trolls,tunnels-trolls,
tag,1385,turbine,turbine,
tag,1386,tutorial,tutorial,
tag,132,twitch,twitch,
tag,188,twitter,twitter,
tag,133,ubik,ubik,
tag,92,ui,ui,
tag,1387,ulan,ulan,
tag,2005,um jammer lammy,um-jammer-lammy,
tag,1388,umbral plains,umbral-plains,
tag,2201,umjammer lammy,umjammer-lammy,
tag,1389,undine,undine,
tag,2123,unicorn overlord,unicorn-overlord,
tag,2237,united norrath coalition,united-norrath-coalition,
tag,2003,unja,unja,
tag,2004,unjammer lammy,unjammer-lammy,
tag,309,unsung story,unsung-story,
tag,2435,UPS,ups,
tag,1641,usb,usb,
tag,1390,uss monterey,uss-monterey,
tag,2181,vagrant story,vagrant-story,
tag,1391,val helsing,val-helsing,
tag,1392,valentine's day,valentines-day,
tag,286,valhalla,valhalla,
tag,1913,valheim,valheim,
tag,1393,valkrie,valkrie,
tag,1394,valkyrie Chronicles,valkyrie-chronicles,
tag,1622,vampires,vampires,
tag,2109,vandal hearts,vandal-hearts,
tag,1495,vast the crystal caverns,vast-the-crystal-caverns,
tag,2002,vectrex,vectrex,
tag,2415,vectrex mini,vectrex-mini,
tag,1395,veeshan,veeshan,
tag,1396,veeshan's peak,veeshans-peak,
tag,1397,vegarlson,vegarlson,
tag,1398,veksar,veksar,
tag,1399,velious,velious,
tag,1400,vernor vinge,vernor-vinge,
tag,1401,vex thal,vex-thal,
tag,2352,vibe coding,vibe-coding,
tag,1639,video,video,
tag,1669,video cameras,video-cameras,
tag,1638,video capture,video-capture,
tag,1637,video converter,video-converter,
tag,1716,video game,video-game,
tag,1719,videogame,videogame,
tag,1987,viewpoint,viewpoint,
tag,1402,village of shin,village-of-shin,
tag,1579,vinyl,vinyl,
tag,1403,virtual villagers,virtual-villagers,
tag,1702,Visual novel,visual-novel,
tag,1404,voice chat,voice-chat,
tag,1405,void seer,void-seer,
tag,1406,void storms,void-storms,
tag,1870,volcano,volcano,
tag,62,volkswagen,volkswagen,
tag,2030,volo,volo,
tag,1407,voon,voon,
tag,1408,vox,vox,
tag,2130,vr,vr,
tag,1866,vscode,vscode,
tag,1409,w. b. yeats,w-b-yeats,
tag,1410,w101,w101,
tag,1975,waffle,waffle,
tag,1411,wakening lands,wakening-lands,
tag,1412,wall of slaughter,wall-of-slaughter,
tag,1413,wallpaper,wallpaper,
tag,1968,walter bright,walter-bright,
tag,1414,WAR everywhere,war-everywhere,
tag,2256,war in the north,war-in-the-north,
tag,1415,war oni,war-oni,
tag,385,war with the evil power master,war-with-the-evil-power-master,
tag,1416,warehouse,warehouse,
tag,2000,warhammer,warhammer,
tag,1419,warrior,warrior,
tag,1420,warrior priest,warrior-priest,
tag,1421,warslick woods,warslick-woods,
tag,1422,warslik woods,warslik-woods,
tag,1423,warstorm,warstorm,
tag,1684,WASD to move,wasd-to-move,
tag,1606,wax.io,wax-io,
tag,1424,wayfinder,wayfinder,
tag,1425,we believe in you,we-believe-in-you,
tag,2059,web ring,web-ring,
tag,1426,webinar,webinar,
tag,2060,webring,webring,
tag,1427,website,website,
tag,2272,webway games,webway-games,
tag,1428,weekly,weekly,
tag,1429,weekly episode,weekly-episode,
tag,1430,weighted companion cube,weighted-companion-cube,
tag,1948,welcometoblaugust,welcometoblaugust,
tag,404,west karana,west-karana,
tag,201,what does the fox say,what-does-the-fox-say,
tag,1431,what's opera doc,whats-opera-doc,
tag,15,while True: learn(),while-true-learn,
tag,1432,white lion,white-lion,
tag,2450,Widget's Workshop,widgets-workshop,
tag,1433,wii,wii,
tag,1697,Wild West,wild-west,
tag,1989,wing commander,wing-commander,
tag,1434,wings of the void,wings-of-the-void,
tag,1435,winterwing,winterwing,
tag,1436,witch hunter,witch-hunter,
tag,2170,witch lord,witch-lord,
tag,1437,wizard,wizard,
tag,1438,wizard 101,wizard-101,
tag,1439,wizard city,wizard-city,
tag,289,wizard of legend,wizard-of-legend,
tag,1440,wizard101,wizard101,
tag,1764,wombats,wombats,
tag,1577,wombo.ai,wombo-ai,
tag,1578,wombo.art,wombo-art,
tag,1441,Wonder Woman,wonder-woman,
tag,2433,wordland,wordland,
tag,1974,wordle,wordle,
tag,1442,wordpress,wordpress,
tag,2425,work freeze,work-freeze,
tag,1790,worker placement,worker-placement,
tag,1787,World of Ruin,world-of-ruin,
tag,242,world of tanks,world-of-tanks,
tag,1992,world yo-yo contest,world-yo-yo-contest,
tag,1443,wow,wow,
tag,1444,wow-like,wow-like,
tag,1445,wp,wp,
tag,1446,WRU bloggers,wru-bloggers,
tag,1447,wtfcomics,wtfcomics,
tag,1448,xbox,xbox,
tag,1449,xbox 360,xbox-360,
tag,2180,xenogears,xenogears,
tag,1985,xevious,xevious,
tag,1450,xfire,xfire,
tag,25,xkcd,xkcd,
tag,2183,yagluth,yagluth,
tag,1451,you can blog,you-can-blog,
tag,1452,you can do it,you-can-do-it,
tag,244,young frankenstein,young-frankenstein,
tag,249,youtube,youtube,
tag,1991,yoyo,yoyo,
tag,1453,yu-gi-oh,yu-gi-oh,
tag,293,zachtronics,zachtronics,
tag,1454,zeke the prospector,zeke-the-prospector,
tag,300,zero escape,zero-escape,
tag,1477,zombie life insurance,zombie-life-insurance,
tag,1693,zombies,zombies,
tag,1455,zork,zork,
tag,73,zpg,zpg,
tag,1456,zynga,zynga,
